Price,year,month,day
2.33,2012,6,7
3.03,2017,5,9
3.11,2017,5,4
3.82,2009,10,14
5.68,2004,4,15
4.4,2013,12,12
2.28,2002,2,1
3.6,2016,12,23
5.64,2004,10,15
2.99,2012,7,19
2.52,1997,12,1
3.37,2013,11,5
2.98,1999,10,25
4.62,2003,11,14
2.01,2015,12,8
2.86,1997,9,3
2.24,1997,12,23
1.9,2001,9,27
2.17,1998,5,19
5.95,2000,11,15
3.75,2000,7,31
2.25,1999,7,21
2.29,1999,5,28
4.48,2003,11,7
1.63,2015,12,24
3.84,2011,2,18
3.53,2011,11,30
9.84,2008,3,14
4.54,2011,1,3
5.51,2010,1,19
9.91,2001,1,10
3.05,2011,12,15
3.32,2015,1,15
1.96,1998,12,22
5.79,2006,5,18
5.7,2009,1,13
2.17,2019,12,9
2.23,1997,5,30
1.93,2016,2,17
2.26,2016,1,26
2.21,2002,2,8
2.73,1999,8,16
4.68,2014,6,18
6.19,2004,7,8
3.22,2017,4,5
2.91,2017,10,26
2.84,2015,8,11
2.89,2017,8,10
4.1,2011,5,12
4.51,2018,12,7
2.84,1997,10,14
6.77,2007,6,25
2.56,1997,8,12
2.29,1997,12,16
6.8,2006,5,11
1.85,2020,7,27
4.22,2010,5,27
2.49,2012,1,18
6.72,2006,11,6
7.59,2008,1,8
3.24,1997,9,26
2.75,2018,5,11
4.33,2011,4,20
1.97,1997,3,14
4.04,2010,4,12
7.15,2007,8,13
5.12,2004,9,13
6.47,2010,1,6
2.32,1997,6,24
1.82,1999,1,22
4.05,2009,5,15
6.63,2005,6,2
6.58,2008,10,8
8.66,2008,8,5
2.36,2019,8,29
3.16,2017,11,8
4.12,2010,5,21
3.98,2001,6,4
2.39,1999,6,9
3.77,2013,10,21
7.54,2007,4,18
2.8,2018,8,1
1.8,1999,2,3
2.69,1999,8,6
8.36,2006,1,30
3.08,2015,1,7
3.01,2015,5,18
2.94,2017,10,30
3.98,2014,9,10
2.19,2019,8,15
6.15,2007,1,9
7.76,2008,9,16
2.26,2019,10,25
3.02,2001,7,23
1.8,2001,9,28
3.35,2012,12,10
3.5,2002,4,18
2.38,2019,7,18
2.84,2000,1,28
7.61,2006,12,7
12.58,2005,12,1
4.23,2011,4,18
2.59,2019,5,31
2.35,1998,4,23
4,2011,8,5
4.8,2000,8,22
2.95,2019,1,10
2.38,1997,8,6
4.68,2003,7,30
2.54,2019,7,12
2.68,2017,3,6
1.8,1997,3,24
7.4,2004,11,4
2.49,2019,9,5
1.62,2016,2,29
1.94,1999,3,10
2.96,2015,1,23
4.02,2014,8,27
2.71,1999,9,1
1.78,1998,9,9
2.6,2015,9,25
2.79,2016,8,2
4.81,2014,2,26
2.4,2002,1,17
7.23,2007,2,28
2.79,2000,3,13
2.32,1999,4,27
4.77,2014,5,8
5.92,2004,7,15
2.66,2019,11,13
3.4,2010,10,12
2.51,1997,11,25
6.92,2003,12,19
3.1,2018,9,26
5.64,2004,10,18
2.28,1998,3,20
3.19,2013,1,3
6.43,2004,5,14
2.29,2019,10,8
3.84,2011,9,20
2.29,1998,3,26
7.08,2005,6,29
3.23,2013,2,19
18.48,2003,2,25
1.82,1998,12,29
3.12,2017,6,12
2.85,2000,2,3
4.86,2003,7,24
4.46,2003,11,19
4.01,2010,3,25
2.52,2002,3,6
3.25,2018,10,5
8.77,2005,11,7
1.79,1998,12,28
2.74,2019,4,3
1.76,2020,4,14
3.68,2001,6,22
2.8,2017,10,4
4.39,2002,10,31
3.26,2012,10,10
6.56,2003,12,11
3.56,2013,10,1
3.93,2009,3,6
3.38,2013,11,4
8.02,2008,8,20
6.84,2007,3,16
3.25,2013,1,28
1.97,1997,4,10
6.14,2005,1,31
1.94,2020,3,15
3.03,2011,12,19
2.1,2015,11,19
2.49,2019,7,10
5.92,2005,2,22
2.87,2017,6,19
5.27,2001,4,5
3.02,2016,11,29
5.62,2004,4,16
3.93,2010,11,23
3.58,2019,1,16
2.75,2018,4,3
4.68,2003,7,28
2.75,2016,8,22
2.08,2016,2,15
2.16,1997,7,9
3.27,2013,2,22
13.03,2005,12,22
5.09,2000,10,9
3.66,2009,7,23
9.26,2008,7,31
1.77,1999,1,19
1.43,2020,6,16
1.95,1997,4,1
2.29,1999,7,1
3.52,2013,7,1
5.77,2004,7,16
6.56,2003,12,17
4.18,2014,7,8
2.29,2012,5,3
1.83,2020,5,20
3,2017,1,31
3.02,2018,8,22
2.93,2017,3,23
1.86,2020,4,13
6.24,2018,1,2
2.51,1998,4,3
2.89,2016,8,4
2.53,2018,2,14
5.44,2008,12,24
3.85,2011,8,30
3.12,2016,9,20
2.67,1999,7,29
2.8,2016,7,8
1.89,2020,1,22
3.83,2002,11,13
3.89,2014,9,29
6.73,2006,8,17
3.65,2013,7,8
4.34,2010,5,17
5.99,2003,5,30
2.21,1998,2,11
3.19,2016,9,21
2.49,2002,2,27
12.95,2005,10,24
6.1,2007,8,6
3.1,2002,8,19
1.81,2020,4,24
2.23,1999,4,26
5.11,2003,8,27
2.89,2015,6,15
5.24,2006,9,1
6.19,2004,6,8
3.34,2002,6,17
6.59,2006,3,3
2.01,1998,6,5
4,2014,10,2
2.8,1997,10,8
3.73,2011,3,7
7.27,2007,12,4
2.62,2016,6,15
6.34,2007,8,2
2.33,1997,12,29
2.05,2020,1,10
3.99,2011,3,21
3.22,2017,5,23
4.25,2013,12,18
5.22,2004,3,25
3.2,2017,5,1
2.03,2020,1,27
4.15,2014,11,26
3.18,2010,10,25
3.12,2016,10,20
7.29,2007,12,6
3.44,2002,5,20
2.05,2020,1,2
5.87,2004,7,27
5.22,2001,3,7
5.34,2000,11,9
2.3,1997,12,11
2.85,2012,1,6
3.33,2002,6,20
2.93,2016,9,9
2.85,2002,7,18
2.8,2017,8,2
4.02,2010,4,19
1.67,2020,6,29
6.12,2007,9,24
2.68,2017,3,7
6.24,2004,10,7
5.84,2006,6,8
2.8,1997,10,9
2.23,2019,7,26
6.98,2006,3,31
5.94,2000,11,16
1.95,2020,1,23
7.04,2005,6,28
5.54,2007,8,30
6.86,2006,8,22
4.16,2009,3,26
2.64,2015,3,30
3.31,2009,4,24
3.07,2002,4,12
2.86,2019,3,20
4.92,2011,6,9
5.11,2003,7,21
3.51,2013,8,21
2.33,1997,8,5
2.78,2012,8,16
5.49,2007,8,31
2.82,2019,11,6
2.67,1997,9,5
2.47,1999,9,16
2,1998,6,8
8.32,2006,11,30
3.08,2018,6,21
2.77,2012,8,13
4.43,2011,7,26
1.85,1998,8,12
3.7,2009,10,7
5.63,2006,12,28
4.72,2011,1,24
3.58,2019,1,17
3.15,2002,6,12
3.64,2013,9,16
5.38,2004,10,13
6.69,2004,12,2
5.36,2004,3,23
7.11,2004,10,22
4.63,2014,5,29
3.42,2012,12,21
4.49,2014,6,24
3.19,2013,2,15
3.37,2017,1,17
5.07,2001,2,27
7.15,2006,3,28
2.16,1997,6,11
1.8,1999,2,10
3.44,2016,12,5
6.73,2005,3,11
3.9,2011,3,14
3.16,2018,10,11
3.36,2010,10,8
5.73,2004,4,14
4.08,2010,4,7
3.03,2002,8,14
7.32,2007,4,20
3.69,2017,12,29
4.35,2009,2,18
4.89,2003,4,2
4.49,2009,11,4
3.82,2014,10,31
7.44,2007,2,27
4,2013,4,3
3.24,2002,9,9
7.71,2007,5,30
6.33,2005,5,23
2.83,1997,9,16
4.6,2011,7,18
3.01,2018,8,21
2.71,2012,8,28
2.72,2019,11,12
3.23,1997,11,3
3.43,2009,8,3
3.78,2013,6,17
4.81,2014,4,24
2.16,2000,1,4
4.4,2003,10,30
4.09,2014,11,24
2.22,2016,1,21
3.11,2017,7,19
10.95,2008,4,28
2.35,1999,12,13
4.22,2010,12,30
5.15,2001,4,18
2.58,2018,2,13
2.72,2019,4,11
2.82,2015,3,12
5.31,2003,6,30
5.3,2003,4,28
4.33,2011,7,1
5.47,2009,1,14
3.18,2013,1,11
2.23,2019,8,26
1.7,2020,3,23
3.6,2009,4,15
9.96,2000,12,11
2.82,2016,7,5
2.74,2019,2,26
3.2,2018,10,19
1.79,2020,5,26
8.02,2008,9,15
3,2017,4,14
2.2,1998,6,19
1.97,1998,7,24
2.09,1998,10,5
7.47,2007,3,28
12.76,2005,9,20
7.63,2008,8,25
3.29,2002,3,20
1.75,1998,10,15
7.15,2006,3,14
3.94,2000,5,24
2.09,1998,1,26
4.61,2018,11,30
6.26,2006,10,17
1.94,2012,4,3
2.06,1998,1,27
2.37,1999,4,29
2.7,2016,8,11
3.22,2017,5,24
8.21,2006,1,19
2.1,2015,12,4
4.48,2000,6,6
2.05,2015,11,12
4.15,2001,5,9
2.2,2000,1,10
7.29,2007,10,16
2.19,1997,7,30
5.24,2000,11,10
2.66,2019,2,8
2.95,2016,8,31
2.96,1997,1,23
4.38,2000,8,18
2.13,2001,9,19
5.04,2009,2,3
2.78,2015,7,1
3.94,2013,4,4
3.84,2013,12,3
6.3,2007,7,5
4.39,2010,6,1
1.91,1997,3,18
3.48,2002,8,23
2.1,2012,4,26
3.72,2014,12,17
2.91,1997,1,29
1.91,1997,4,4
3.52,2013,7,5
3.81,2011,2,25
4.71,1997,1,16
3.32,2013,8,9
4.25,2002,11,19
6.24,2007,8,8
2.17,2019,12,23
3.85,2000,5,23
5.96,2014,2,20
3.03,2011,12,29
2.6,2000,2,8
2.27,1999,5,27
5.22,2004,9,20
3.25,2019,1,2
3.48,2013,2,28
4.66,2003,9,12
3.71,2002,5,3
5.85,2006,5,25
4.12,2010,8,23
2.98,2017,6,30
4.52,2010,8,9
3.22,2009,7,8
2.84,2000,3,16
11.57,2008,5,22
5.95,2005,2,8
1.92,1997,2,20
5.49,2004,3,19
3.33,2012,12,7
3.77,2009,5,21
4.18,2002,11,18
1.88,2016,4,27
4.24,2000,8,15
4.67,2014,3,11
4.87,2010,6,22
4.93,2003,10,15
3.25,2002,4,9
4.3,2009,12,1
4.81,2002,12,12
7.45,2007,6,12
1.98,2020,1,21
7.39,2006,11,8
1.84,2016,3,18
3.02,2018,8,9
2.88,2015,7,20
3.15,1997,11,4
4.84,2009,1,28
4.19,2011,4,19
3.98,2010,9,14
4.57,2003,9,29
2.88,2016,8,5
2.63,2012,2,21
11.43,2008,5,30
6.76,2008,11,19
3.75,2000,7,27
6.23,2000,11,20
5.05,2001,2,23
2.75,2017,11,3
4.4,2014,5,27
3.36,2010,10,29
2.31,2016,6,3
2.23,1999,6,22
11.75,2005,9,2
6.07,2007,10,1
3.8,2002,10,11
6.55,2003,1,23
7.51,2007,11,28
2.09,1998,1,28
1.86,2020,2,6
5.58,2004,9,23
5.53,2010,2,11
4.25,2011,5,17
3.63,2011,10,18
2.95,2017,6,14
2.18,2012,6,13
7.16,2005,3,15
9.71,2001,1,3
6.94,2007,12,26
3.92,2014,9,15
1.92,1998,10,26
4.38,2000,6,19
3.88,2000,7,21
3.32,2009,11,25
4.53,2010,6,30
2.34,2019,12,16
3.82,2010,9,7
6.13,2004,6,28
3.78,2000,8,1
2.76,2015,7,31
2.57,2015,9,29
3.12,2000,5,8
3.22,2002,8,21
7.61,2006,11,28
2.12,1999,7,12
9.11,2008,3,19
2.61,2018,2,20
2.71,2012,1,30
3.23,2012,10,4
2.78,2017,12,8
2.4,2001,12,17
5.43,2004,2,17
2.3,2019,12,17
2.85,2017,3,17
6.08,2003,2,6
2.76,2000,3,15
7.07,2005,4,13
3.35,2012,10,15
2.91,2015,7,29
2.63,2015,4,6
3.92,2010,4,8
2.47,2015,9,30
2.34,2001,9,5
3.99,2009,3,20
3.11,2017,9,21
2.45,1997,12,10
7.66,2007,4,16
13.41,2005,10,18
7.75,2014,2,11
2.69,2016,10,25
4.18,2013,4,8
1.94,2001,9,25
5.61,2010,2,5
3.11,2001,10,30
6.63,2005,5,11
5.26,2010,1,29
9.77,2005,8,25
4.19,2010,12,29
4.31,2018,12,13
4.55,2014,1,16
1.87,1997,4,3
5.83,2007,7,26
7.09,2014,3,3
1.91,2012,4,11
2.65,1999,10,12
5.77,2010,1,11
2.83,2012,7,12
2.9,2018,9,10
4.24,2009,5,11
1.72,1998,9,2
3.77,2011,9,29
2.66,1999,9,14
2.38,1997,8,8
2.76,2018,4,12
2.59,1999,11,8
3.25,2016,10,18
3.09,1997,9,23
3.65,2013,10,24
2.33,1998,10,1
5.52,2004,3,12
2.98,2015,1,6
2.82,2001,10,23
4.47,2010,12,6
1.78,1997,2,28
2.67,2018,3,1
2.22,1999,5,26
2.19,2001,11,29
4.24,2013,12,9
4.2,2011,8,4
4.68,2010,6,10
3.95,2002,9,20
3.41,2012,12,5
2.55,2012,5,22
6.43,2004,10,29
2.79,2018,4,24
3.19,2012,7,25
6.23,2007,7,18
1.6,2020,5,14
3.48,2009,4,22
2.34,2016,11,8
7.57,2006,2,10
2.86,2015,3,19
6.87,2008,10,6
3.06,2017,4,24
7.78,2007,2,12
2.67,2001,10,24
6.96,2007,8,16
3.89,2013,3,15
2.53,2019,7,15
6.75,2008,10,30
7.09,2007,11,1
3.04,2017,11,17
2.23,1997,7,31
8.02,2005,7,15
5.53,2009,12,15
2.02,1999,3,31
11.03,2005,9,7
3.18,2002,3,28
1.95,1998,12,16
3.83,2011,3,8
4.44,2010,3,10
4.22,2010,12,31
2.59,2017,3,8
3.86,2014,7,25
2.35,1998,6,22
3.2,2018,1,19
6.33,2005,2,24
1.92,1997,3,5
5.58,2001,2,13
3.49,2011,10,14
4.54,2001,5,2
2.59,2019,2,15
2.22,1998,2,19
2.73,2015,2,4
7.29,2007,11,16
3.96,2011,2,11
4.07,2000,7,19
4.76,2010,2,26
5.23,2014,1,29
1.8,2020,3,25
2.72,2012,8,31
3.56,2010,11,15
5.92,2014,2,7
2.35,1999,6,3
2.23,1999,4,23
2.79,2015,7,3
3.92,2014,11,6
9.21,2008,2,27
2.18,2015,11,23
2.9,2019,3,18
1.78,2020,5,4
2.9,2018,7,3
7.57,2003,3,6
2.62,2015,2,9
5.17,2004,9,15
4.4,2014,3,14
2.94,2017,3,27
2.19,1998,2,24
4.3,2009,11,5
4.82,2003,9,8
1.8,2020,6,5
4.49,2011,1,6
2.74,2018,2,8
2.29,1997,5,29
3.1,2017,5,25
7.22,2006,4,17
8.45,2008,1,14
7.41,2008,10,1
2.85,2016,8,8
5.24,2004,11,23
5.21,2000,10,5
5.27,2004,8,17
3.61,2012,11,29
3.2,2001,6,28
2.75,2017,12,19
3.56,2009,6,10
1.89,1998,8,25
3.29,2009,4,28
5.4,2003,7,8
3.15,2015,1,14
2.83,2012,9,17
3.71,2014,12,18
12.73,2008,6,16
2.49,2019,9,6
1.81,1998,12,30
6.78,2003,3,10
3.5,2016,12,22
9.26,2008,7,28
5.62,2000,11,17
8.19,2006,1,27
1.75,1999,3,16
2.89,2016,7,1
2.15,1998,7,17
2.41,2012,6,6
3.12,2009,8,18
3.38,2002,5,23
6.76,2008,10,17
4.79,2014,5,1
4.08,2014,7,18
2.26,1998,3,2
5.66,2010,1,15
9.86,2008,3,31
3.3,2009,7,7
8.18,2008,8,11
1.87,1999,3,8
5.57,2001,2,16
2.84,2012,9,25
2.82,2016,6,22
2.42,1997,2,10
4.42,2000,6,23
8.04,2008,8,21
2.12,1999,7,15
13.52,2005,10,19
3.14,2002,4,11
2.17,2000,1,5
4.2,2001,5,17
2.48,1998,4,16
2.78,1997,10,10
3.53,2013,3,4
1.89,2016,4,29
2.95,2017,10,12
3.91,2014,9,4
6.77,2006,10,19
2.49,2016,11,15
7.13,2006,10,24
4.35,2010,8,13
9.25,2006,1,4
4.53,2018,12,12
2.13,1998,6,3
7.35,2007,1,29
6.72,2006,8,21
2.79,2016,7,14
4.77,2010,8,4
3.25,2009,9,30
5.78,2014,2,4
4.59,2011,5,4
4.19,2011,7,8
3.83,2011,2,24
3.2,2017,4,28
4.47,2006,9,22
2.44,2019,10,16
2.75,2019,4,15
2.75,2018,5,17
3.92,2011,9,12
14.81,2005,12,14
7.83,2007,6,5
1.91,2001,11,21
1.85,2020,2,10
4.83,2003,8,15
4.5,2018,11,28
8.54,2008,8,27
2.61,1997,12,2
8.06,2008,2,8
6.37,2007,7,3
1.7,2020,3,29
1.41,1998,12,1
2.35,1997,12,9
4.22,2011,2,9
4.67,2014,6,19
1.72,2016,3,10
6.04,2004,12,9
6.58,2003,12,16
2.95,2017,7,27
5.96,2003,12,30
3.08,2017,3,30
2.89,2015,3,27
4.64,2003,10,21
2.88,1997,9,15
2,1998,10,30
1.78,1999,2,11
2.9,2018,7,2
2.82,2018,4,27
4.35,2002,12,3
1.99,2012,4,10
2.04,2001,9,21
7.3,2007,8,15
1.88,1998,9,10
7.14,2007,8,17
6.88,2004,11,2
3.1,2018,12,27
4.83,2010,3,1
4.36,2014,1,14
13.56,2005,12,21
9.78,2008,4,8
5.75,2008,12,15
6.48,2008,12,3
1.68,2020,6,4
3.12,2000,4,26
2.36,2001,9,7
2.05,1998,1,14
4.15,2003,11,21
3.69,2014,10,20
3.29,2011,11,11
4.15,2011,5,18
2.94,2002,3,12
2.54,2019,4,18
7.42,2006,11,22
5.9,2000,11,28
2.03,1999,4,7
9.92,2008,4,1
3.41,2011,10,10
2.84,2015,7,21
3.49,2009,7,22
6.14,2006,6,23
3.71,2017,1,2
1.69,2020,7,22
2.26,1999,7,2
4.92,2010,2,22
2.94,2017,9,29
3.55,2009,4,20
2.69,2015,9,17
6.53,2006,5,1
4.22,2001,5,8
4.13,2001,6,13
2.29,1998,4,27
2.37,2016,11,17
4.32,2014,1,2
5.08,2001,3,13
2.81,2018,4,5
3.29,2009,7,14
6.65,2005,6,3
2.08,1998,11,24
3.78,2013,7,19
9.97,2001,1,2
2.72,2017,12,20
2.98,2018,8,27
3.11,2017,7,18
2.29,1998,4,29
4.23,2013,4,18
2.7,2019,2,1
2.76,2016,7,20
3.49,2011,12,1
2.73,2019,5,21
2.98,2017,6,26
2.23,1999,11,16
7.83,2008,1,2
4.02,2010,9,22
3.18,2002,6,21
2.28,2000,1,14
5.54,2004,2,5
4.39,2014,6,27
3.62,2012,11,20
5.59,2004,11,18
4.25,2011,6,27
9.96,2005,8,23
2.61,1999,8,3
1.91,2016,4,6
3.05,1997,1,22
2.29,2019,12,2
4.76,2009,2,9
10.03,2008,4,14
3.18,2012,10,9
5.03,2002,12,24
4.02,2010,3,22
3.03,2017,2,7
8.36,2008,8,28
7.08,2005,3,16
7.64,2007,5,1
2.15,1997,7,10
6.15,2001,2,5
4.51,2011,4,29
3.17,2016,10,11
2,1998,10,29
5.89,2001,2,14
2.86,2015,2,12
2.7,2012,8,17
8.5,2006,1,13
5.17,2004,3,4
3.1,2017,5,29
1.75,1999,1,27
2.15,2016,2,11
1.61,2020,5,12
2.95,2017,2,15
4.64,2014,4,14
3.1,2002,9,3
2.68,2017,11,2
10.18,2008,4,10
3.53,2009,6,9
3.35,2018,1,23
3,2015,3,3
1.91,2020,1,24
2.31,2012,3,5
1.76,2020,3,6
2.94,1997,9,19
7.07,2007,3,1
4.27,2002,10,2
6.02,2007,9,6
4.81,2002,12,27
2.77,2018,5,8
2.19,1999,12,6
2.62,2015,4,1
3.14,2017,1,9
4.56,2000,10,30
4.42,2014,3,24
1.96,2020,2,21
8.7,2005,8,9
7.95,2006,8,10
1.95,1998,10,20
3.09,2011,12,27
3.71,2013,7,22
3.3,2012,12,24
10.07,2005,12,29
2.19,1998,5,11
1.89,2020,3,5
1.74,1998,10,19
7.01,2005,6,30
2.23,1998,9,28
4.19,2002,11,27
2.69,2015,9,16
4.38,2010,8,11
6.53,2006,3,7
3.51,2009,6,11
5.34,2004,2,11
4.14,2011,4,13
2.74,2016,6,20
3.3,2013,1,2
2.96,1999,10,26
6.38,2003,2,20
5.06,2001,4,19
3.58,2002,4,22
7.69,2007,5,7
3.36,2013,8,14
4.67,2003,9,16
2.17,2012,3,12
2.84,2016,7,27
6.3,2005,5,26
3.95,2014,1,10
4.01,2013,3,21
8.02,2008,8,26
2.19,1997,7,28
2.74,2018,3,21
3.93,2010,4,5
2.48,2012,6,21
9.86,2005,8,29
4.96,2000,9,12
2.97,2017,4,12
2.98,2017,9,6
3.35,2002,3,27
2.83,2015,8,14
6.42,2007,9,18
2.1,2020,1,6
4.9,2003,4,1
6.38,2007,9,17
2.59,1997,11,21
3.09,2016,9,27
1.87,2012,4,18
2.79,2016,7,28
4.84,2000,10,24
6.98,2004,11,1
5.77,2004,7,28
7.2,2007,11,6
3.77,2013,6,11
4.16,2010,4,15
3.8,2009,6,24
2.79,2015,7,2
2.07,1998,1,15
1.85,2012,4,19
2.58,2015,4,14
11.81,2008,5,29
6.21,2005,2,10
3.09,2017,4,17
3.35,2012,12,26
3.37,2010,10,27
14.82,2005,12,12
8.37,2008,2,12
2.35,1998,2,6
2.99,2001,11,1
4.11,2006,10,2
2.89,2018,6,6
5.98,2004,12,8
8.82,2005,8,10
2.27,2019,6,21
4.81,2000,9,5
9.95,2001,1,9
3.46,2001,6,26
3.15,2002,5,31
3.7,2018,12,21
3.21,2009,9,15
2.75,1999,9,9
1.95,2020,8,3
3.11,2017,4,18
1.05,1998,12,4
5.14,2003,8,21
1.66,2015,12,15
2.93,2015,8,13
5.5,2003,12,24
2.84,2011,11,23
2.92,2015,7,24
3.05,1997,1,28
2.33,1998,11,11
2.91,2018,6,1
5.17,2014,1,24
5.25,2003,1,14
3.53,2009,8,4
2.97,1997,10,17
4.02,2009,5,18
7.46,2007,6,19
4.96,2003,7,17
5.77,2007,7,27
1.78,2016,3,28
3.96,2009,5,7
2.95,2002,7,19
2.27,1998,4,28
4.57,2014,4,8
5.31,2002,12,16
2.96,1997,10,6
6.19,2004,11,11
2.88,2017,9,4
2.69,2019,3,27
7.22,2005,6,8
1.96,2020,2,26
9.66,2005,11,10
2.24,2019,8,28
4.66,2003,10,7
5.18,2003,4,10
2.28,1999,5,14
4.6,2011,5,2
4.2,2009,2,25
2.96,2018,8,30
3.2,2002,6,28
2.65,1998,4,8
3.84,2013,10,16
6.48,2004,5,24
2.45,1999,9,23
6.67,2003,12,10
3.46,2013,8,19
3.82,2014,9,12
6.64,2005,4,29
5.61,2010,1,26
4.09,2011,5,13
2.5,2015,4,27
2.28,2002,2,5
2.41,2019,6,11
3.37,2009,7,24
2.66,1999,9,8
1.77,2016,3,29
4.47,2010,3,11
2.12,1997,2,14
1.88,2016,4,28
3.44,2002,4,16
2.76,2000,3,6
4.68,2010,7,16
3.72,2002,5,9
5.76,2010,1,25
2.66,2015,2,5
1.74,2020,3,9
2.46,2019,6,17
3.8,2014,8,15
7.58,2007,1,24
4.52,2003,9,18
2.63,2017,12,22
5.53,2003,6,18
4.67,2014,3,10
1.77,2016,3,16
2.95,2018,9,17
6.69,2005,1,18
2.18,1999,12,2
3.59,2013,9,24
7.97,2008,1,22
2.76,2000,1,27
2.97,2016,8,1
2.4,1998,4,20
2.38,2012,3,2
6.4,2006,8,30
7.8,2000,12,13
9.6,2008,4,2
2.89,2012,1,9
3.13,2000,4,17
6.44,2004,6,3
4.78,2009,12,7
4.28,2018,11,27
2.25,1998,11,6
3,2018,9,18
4.4,2006,9,15
5.16,2000,10,10
11.85,2008,5,27
2.43,2015,10,19
2.58,2019,4,26
2.84,2012,7,18
7.63,2008,9,25
2.77,1999,8,10
12.7,2008,6,26
3.26,2018,11,2
2.7,2015,9,2
1.77,2016,5,25
3.92,2002,6,26
3.74,2010,9,3
5.46,2004,4,20
2.75,2015,3,9
2.91,2009,10,1
2.76,2015,5,6
4.46,2009,2,19
4.46,2000,8,8
2.1,1997,4,28
2.73,2016,11,22
3.22,2002,6,27
7.39,2006,2,24
6.38,2005,2,2
6.45,2004,6,1
1.89,2020,2,5
5.04,2004,8,31
7.35,2004,10,21
3.97,2013,12,5
2.76,2019,4,2
2.81,2000,3,17
3.78,2011,9,21
3.04,2018,9,24
2.3,2012,2,2
2.96,2018,6,25
7.27,2004,10,20
7.6,2006,8,9
4.83,2011,6,8
2.25,2009,9,2
2.49,2018,2,15
3.97,2010,5,6
5.47,2010,2,17
4.31,2006,9,25
1.8,1999,3,25
6.71,2005,3,3
3.05,2017,11,21
2.21,1997,5,2
2.72,2015,3,23
3.6,2002,5,15
3.09,2000,5,4
2.62,2015,4,15
3.47,2002,8,27
2.54,2015,10,15
3.15,2001,8,2
2.89,2017,6,23
2.19,1997,6,4
2.87,2017,12,13
5.7,2006,7,5
7.99,2008,2,7
5.15,2010,6,21
3.69,2001,6,21
5.58,2003,4,23
7.12,2005,3,18
8.09,2007,2,13
7.28,2007,11,14
3.8,2011,9,26
7.28,2008,9,9
1.86,1998,12,15
7.39,2006,2,17
7.03,2007,12,21
2.91,2018,9,14
2.51,2009,11,13
7.7,2005,7,19
2.13,1998,11,25
2.86,2019,3,21
2.19,1999,5,12
2.32,2019,6,27
4.16,2009,5,8
13.1,2005,10,28
6.48,2008,12,1
5.58,2004,8,9
3.87,2011,3,10
2.85,1999,8,30
2.43,2019,12,4
2.33,1998,3,23
3.81,2014,7,22
4.94,2010,6,14
2.63,2002,3,5
2.61,1998,4,9
4.92,2014,1,22
3.2,2000,5,2
5.55,2003,4,21
2.75,2018,5,1
1.94,1998,9,15
1.96,2016,4,4
6.02,2004,6,29
3.02,2017,3,14
4.23,2009,2,23
5.21,2003,4,8
5.94,2004,7,26
2.6,2019,5,24
3.39,2018,10,4
6.39,2005,5,19
3.86,2001,5,29
2.3,1997,5,9
4.18,2014,11,10
2.16,1999,12,3
10.71,2005,9,13
3.28,2009,9,16
4.1,2010,12,20
2.01,1997,4,8
5.56,2007,9,10
4.49,2014,4,4
6.01,2005,2,15
2.83,2016,7,18
1.93,1998,8,17
7.63,2007,5,10
2.08,2016,2,5
5.59,2004,4,22
3.18,2002,5,28
9.14,2007,2,5
4.37,2000,10,31
6.65,2008,10,16
9.1,2008,2,29
3.04,2017,7,17
2.15,1997,6,13
6.91,2005,3,10
7.05,2006,3,27
7.25,2005,3,17
8.7,2008,8,6
3.46,2013,7,31
5.29,2003,4,14
7.04,2007,6,22
3.28,2012,10,18
3.8,2010,8,31
2.92,2015,1,26
5.25,2001,3,8
4.67,2009,12,2
2.05,2012,3,28
2.82,1999,11,3
2.23,1999,12,8
2.77,2018,5,21
3.37,2000,5,11
4.73,2001,4,30
6.44,2005,1,26
3.21,2009,9,18
2.33,1999,11,15
5.59,2001,2,6
5.89,2005,1,12
4.46,2001,5,16
2.67,2012,2,17
2.78,2018,4,10
6.94,2008,10,22
5.63,2008,12,31
2.8,1999,9,13
5.06,2000,9,18
6.59,2006,11,7
1.83,1998,8,14
4.84,2010,2,25
2.2,1997,5,23
4.26,2011,8,3
6.57,2004,6,17
2.32,2002,1,15
4.91,2010,2,23
13.79,2005,12,20
3.31,2002,4,5
5.47,2010,2,4
2.18,1997,12,26
6.94,2006,4,27
13.19,2008,6,30
10.94,2008,5,20
3.33,2002,5,21
6.08,2014,2,24
5.13,2001,3,9
3.09,2011,11,28
3.97,2011,8,31
4.31,2014,7,3
3.83,2010,3,29
2.02,1998,10,8
2.76,2009,8,27
2.27,1999,5,19
2.84,2018,4,17
2.05,2020,1,9
5.8,2004,7,20
5.92,2006,5,15
6.31,2000,11,30
4.75,2010,6,9
5.1,2000,9,14
2.18,1998,4,30
1.7,2020,5,29
6.12,2005,2,4
5.01,2003,3,31
5.28,2006,7,6
2.32,2012,2,1
6.25,2003,6,9
4.66,2003,9,15
3.07,2017,11,7
3.42,2018,10,24
4.39,2000,8,7
4.45,2003,10,28
2.7,2019,5,14
2.82,2019,1,31
7.69,2005,7,6
3.76,2000,5,19
3,2001,8,13
3.78,2009,11,9
2.14,2015,10,28
2.64,1999,8,4
3.54,2019,1,15
5.04,2014,1,31
3.58,2009,6,4
4.41,2009,5,12
2.98,2000,4,11
1.73,2015,12,22
3.96,2013,3,19
2.74,1997,9,9
7.89,2008,1,9
2.51,1997,8,27
2.8,2018,4,19
2.11,2019,12,24
6.24,2001,2,8
5.82,2004,1,23
4.46,2010,6,3
7.51,2007,5,23
3.38,2011,12,5
2.89,2016,8,3
2.99,2018,6,28
2.94,2018,9,11
3.94,2014,8,25
6.4,2008,10,28
4.21,2011,4,15
7.54,2007,4,19
4.27,2010,3,17
2.41,2012,5,14
6.33,2008,11,14
2.27,1999,12,10
2.18,2002,2,15
4.68,2010,6,11
4.14,2000,6,9
5.02,2003,12,1
2.51,2019,11,25
2.99,2014,12,24
2.5,2017,3,3
3.06,2017,11,14
5.2,2001,2,21
6.69,2006,3,2
4.15,2013,5,24
2.95,2019,1,11
7.95,2006,4,20
3.78,2014,7,30
1.98,2015,10,30
4.02,2010,11,22
2.59,2015,4,23
2.99,2017,6,27
2.28,2015,12,30
5.8,2014,2,18
5.7,2003,12,4
3.13,2017,5,18
2.59,2015,4,24
4.36,2010,7,9
6.1,2009,1,6
4.01,2013,3,22
5.72,2004,10,4
3.99,2014,8,7
2.44,2001,9,12
3.06,2016,9,23
3.39,2001,6,27
3.7,2011,3,4
3.25,2009,4,30
3.77,2002,10,7
2.6,2017,12,15
11.29,2008,5,9
2.67,2015,4,17
4.12,2013,5,30
3.54,2013,1,18
3.2,1997,11,10
2.95,2002,7,23
7.6,2006,4,18
6.09,2003,5,22
5.32,2004,8,25
4.27,2011,3,24
3.97,2010,4,13
7.2,2007,1,22
6.03,2004,12,7
1.97,1998,7,28
1.75,1999,3,18
2.78,2000,3,22
9.36,2008,4,4
3.92,2002,11,15
2.27,1997,12,30
3.99,2013,6,5
2.25,1997,5,19
4.35,2010,3,12
2.27,1997,5,12
2.41,2019,9,27
1.59,2020,6,1
4.24,2011,2,8
5.34,2004,8,19
3.36,2009,8,12
2.02,1998,5,22
4.65,2018,1,4
3.35,2011,11,7
3.46,2009,4,13
1.73,1999,3,19
4.73,2009,2,12
4.94,2003,8,28
6.02,2004,1,15
3.5,2012,11,1
4.88,2010,6,24
4.01,2011,8,25
2.39,2012,5,30
3.06,2017,6,7
3.46,1997,10,27
7.23,2006,2,23
7.16,2006,3,29
6.22,2005,5,27
4.51,2014,6,11
3.15,2012,12,14
2.69,2019,2,20
1.68,2020,4,15
1.79,2020,5,28
7.29,2007,11,30
3.36,2010,10,19
2.82,2016,8,24
3.95,2009,11,6
1.85,1998,10,27
2.79,2016,6,27
2.19,1998,5,18
4.96,2003,7,3
3.12,2011,12,13
4.4,2018,12,3
3.45,1997,10,29
3.82,2014,11,3
4.69,2014,4,15
3.01,2001,7,19
4.59,2010,7,20
6.56,2006,5,3
2.4,2002,2,25
2.44,2019,6,18
5.24,2000,9,20
2.86,2017,12,5
3.8,2018,12,18
6.27,2008,10,27
2.43,2019,6,13
2.4,2001,12,14
2.53,2016,11,2
9.99,2005,8,17
4.57,2014,5,22
7.8,2008,1,25
4.35,2003,11,18
1.66,2020,7,21
2.25,1999,11,29
7.57,2006,11,21
2.57,2019,2,4
5.43,2000,10,13
4.07,2013,4,10
3.52,2011,10,11
8.15,2008,9,24
4.42,2003,9,26
4.64,2000,10,25
2.37,1999,6,10
5.51,2006,7,11
3.29,2012,12,18
4.68,2009,2,11
2.92,2017,7,10
6.22,2004,5,6
4.71,2014,6,16
1.96,1998,8,19
2.67,1997,9,8
2.69,2016,6,23
3.92,2010,3,26
6.43,2008,11,26
2.86,2015,2,11
3.49,2010,11,8
3.96,2011,8,26
2.51,2019,11,26
4.45,2011,7,25
4.21,2009,2,20
1.86,1998,9,14
2.05,1999,1,5
2.32,2002,1,14
2.77,2015,7,7
3.61,1997,10,28
4.21,2010,12,1
5.28,2000,9,26
2.14,2015,12,3
6.24,2014,2,21
2.8,2015,3,18
3.13,2017,5,2
3.9,2002,11,14
5.57,2006,9,12
4.95,2004,9,17
4.78,2003,10,24
2.43,2019,6,7
7.51,2005,6,23
6.78,2004,12,1
4.57,2014,5,21
2.69,2019,5,29
2.78,2009,8,21
2.28,2002,1,30
2.84,2018,5,14
1.63,2015,12,25
1.51,2020,6,18
1.84,1998,11,2
6.81,2006,4,7
2.34,2019,7,23
3.33,2002,6,24
3.56,2002,4,4
9.28,2008,3,25
4.76,2000,8,31
4.01,2011,9,14
3.73,2013,6,27
4.08,2013,3,25
4.41,2014,11,20
7.46,2007,4,4
3.86,2000,7,20
2.45,1999,12,22
4.84,2003,10,8
2.18,2000,1,6
5.73,2003,5,9
7.06,2007,12,17
2,1998,7,22
3.13,2018,10,1
2.88,2015,2,2
2.6,2015,6,4
7.46,2005,4,6
4.55,2000,8,25
5.87,2009,12,18
2.68,2012,2,23
2.23,2019,7,29
7.43,2006,11,3
6.49,2007,10,25
2.91,2017,6,21
3.68,2014,12,11
2.94,2015,1,20
3.1,1999,8,25
3.02,2018,8,14
10.48,2005,11,21
3.69,2014,10,22
2.14,1997,6,12
4.12,2003,11,3
2.49,2019,10,28
5.59,2004,10,8
3.5,2016,12,21
6.17,2003,6,5
4.07,2002,11,1
4.84,2009,2,10
3.93,2011,9,6
3.5,2009,4,8
4.67,2014,4,10
4.24,2010,4,29
3.11,2011,11,16
2.86,2019,3,11
2.91,2017,6,20
4.18,2011,9,1
2.16,1998,1,2
4.64,2014,4,17
9.9,2006,1,3
3.25,2000,5,9
2.83,2000,3,14
3.91,2002,10,9
8.23,2008,8,12
2.14,2002,2,6
4.72,2014,4,28
2.74,1997,9,10
2.18,2016,1,18
4.61,2014,1,21
6.66,2007,10,29
7.6,2007,4,25
3.87,2013,11,27
2.26,2019,12,18
7.38,2005,7,5
2.33,1997,5,8
3.98,2013,4,5
2.91,2001,6,29
6.09,2006,12,21
3.86,2011,3,16
4.22,2010,12,15
2.24,2012,3,8
3.99,2011,9,8
5.36,2004,8,18
3.06,2001,10,26
2.88,2015,7,17
3.51,2010,10,5
2.62,2019,4,5
4.08,2010,3,23
2.8,2018,7,18
6.42,2004,6,21
2.88,2016,7,12
1.76,2020,7,7
3.5,2012,10,31
4.55,2010,12,13
4.11,2009,10,29
4.27,2011,3,29
6.9,2014,2,6
2.87,1997,10,13
2.18,2001,9,18
2.94,2002,7,26
4.67,2014,4,11
4.8,2009,10,21
3.33,2013,1,31
2.78,2015,5,28
8.75,2001,1,12
2.3,2019,7,2
8.27,2006,1,24
3.05,2011,12,21
2.2,1998,2,12
2.6,2015,6,8
1.67,1999,3,2
7.06,2006,8,8
4.49,2003,11,17
1.81,2016,5,20
3.4,2012,11,2
5.89,2009,1,7
6.3,2000,11,22
6.85,2007,6,26
4.72,2010,7,2
2.94,2016,6,30
2.16,1997,6,10
2.7,2012,9,19
3.35,2010,11,3
2.9,2012,7,5
4.33,2001,5,7
7.65,2007,4,9
1.55,2020,4,2
2.89,2015,7,28
3.06,2001,7,27
5.13,2003,3,18
1.87,1997,3,4
3.63,2012,11,19
4.37,2011,5,26
3.77,2010,11,17
4.69,2018,12,5
2.29,2001,11,14
6.41,2005,1,24
2.81,2000,2,1
2.28,2001,12,10
3.2,2012,8,1
2.92,2001,7,2
2.76,2015,3,11
7.74,2006,2,7
4.25,2001,5,11
3.05,2017,11,23
4.74,2003,8,6
2.53,2019,4,23
8.24,2008,8,29
2.98,2016,9,15
2.78,2018,5,10
2.61,2019,9,13
1.74,2020,4,9
1.61,2016,3,9
3.1,2017,5,30
1.81,2001,12,6
2.78,2012,7,3
3.24,2001,8,17
3.6,2016,12,12
3.43,2019,1,18
2.14,2015,11,25
3.91,2001,6,11
6.67,2007,11,21
2.14,1999,7,13
5.9,2006,7,21
3.16,2017,1,23
1.53,2020,6,25
5.58,2003,12,23
1.85,2016,2,24
2.85,2016,8,9
3.53,2013,1,23
4.16,2013,4,26
5.45,2004,9,28
3,2017,4,13
2.88,2018,5,24
1.91,2020,3,10
2.63,2019,9,11
5.77,2006,5,19
2.18,2016,1,20
4.41,2013,12,30
3.76,2013,6,14
6.67,2005,5,10
7.14,2004,12,20
2.32,1999,5,6
2.25,1998,3,10
5.71,2003,3,13
3.09,2017,11,16
3.16,2000,5,1
4.9,2003,3,26
4.56,2010,3,5
1.92,1997,2,21
7.39,2005,6,15
6.27,2004,12,28
3.32,2016,11,30
2.18,1997,6,5
1.9,2016,4,11
3.6,2009,4,7
3.68,2013,7,25
1.83,1999,3,26
4.4,2011,1,26
5.08,2003,8,11
3.13,2011,12,12
5.27,2014,1,30
3.75,2009,3,18
11.15,2005,11,22
13,2008,7,3
2.79,2012,7,9
7.21,2006,12,13
3.18,1997,11,5
6.41,2004,5,12
7.58,2006,11,27
3.92,2014,8,6
2.68,2017,11,1
2.83,2016,7,19
3.3,2013,1,7
7.56,2006,8,11
10.92,2005,9,8
7.16,2007,12,18
7.79,2006,11,20
3.49,2009,7,2
4.4,2011,7,5
4.86,2003,8,29
2.92,2017,7,26
5.91,2009,12,28
4.76,2003,9,5
3.46,2012,11,16
2.63,2017,2,23
4.01,2006,10,3
2.34,1998,3,31
4.47,2010,3,8
2.99,2018,6,14
3.93,2011,2,16
2.22,1997,2,13
2.8,2019,1,4
4,2010,5,5
2.55,2016,6,13
4.72,2011,6,10
2.37,2015,10,1
3.8,2010,9,28
3.75,2016,12,9
5.32,2001,4,12
3.63,2013,11,19
4.35,2000,5,30
4.16,2013,5,22
7.18,2005,3,30
2.04,2015,11,4
4.36,2011,5,27
3.12,2018,9,25
7.12,2007,12,11
3.12,2000,4,19
4.19,2010,3,18
1.71,2020,7,20
4.56,2014,5,28
2.74,2000,3,21
5.11,2001,2,22
3.61,2009,9,25
3.5,2002,5,7
7.93,2007,4,13
6.5,2005,5,18
2.19,2000,1,7
2.98,2018,6,13
7.29,2006,10,23
2.38,2001,9,10
5.97,2007,1,12
3.42,2017,1,4
2.92,2015,2,18
4.05,2011,4,8
4.53,2009,12,4
4.35,2006,9,27
3.81,2010,9,29
3.01,2011,11,18
4.17,2011,4,6
3.24,1997,10,22
3.28,2018,10,18
2.44,1999,11,9
2.34,2019,9,20
6.09,2010,1,4
3.02,2018,8,15
1.8,1997,3,3
3.5,2009,9,17
7.73,2007,6,4
2.88,2016,9,2
1.86,1998,9,11
2.09,1997,4,21
2.42,2019,12,5
6.47,2005,5,13
4.24,2013,12,10
3.55,2009,8,10
3.38,2017,1,6
9.68,2008,4,3
3.87,2013,5,9
2.69,1999,8,5
1.91,2016,5,18
8.95,2001,1,11
5.05,2002,12,20
3.72,2013,10,18
3.44,2002,4,29
6.09,2003,2,18
15.39,2005,12,13
4.56,2010,7,19
2.89,2019,2,28
2.29,1999,6,14
3.62,2001,6,8
2.18,1999,5,25
1.83,2001,10,2
3.35,2009,9,21
1.91,2016,5,2
1.79,2020,7,17
2,1998,7,27
4.11,2002,10,18
2.41,2016,11,3
4.51,2014,4,3
11.8,2008,6,2
10.01,2005,11,18
4.01,1997,1,14
7.71,2007,4,30
2.06,2019,12,30
7.16,2006,3,23
2.85,2015,5,13
2.19,1999,5,24
7.1,2005,4,27
2.14,1999,4,15
2.22,2012,6,8
4.94,2010,8,2
7.38,2005,7,25
4.7,2003,9,9
6.28,2006,7,14
2.47,2015,10,14
2.12,1998,11,17
7.6,2007,5,22
3.56,2001,6,25
5.49,2003,6,26
2.01,2016,5,11
2.71,2018,3,20
5.27,2004,2,27
2.69,2016,10,26
2.93,2018,9,6
3.98,2011,3,18
3.51,2009,6,5
4.43,2011,7,13
5.32,2003,3,17
2.78,2016,7,7
6.27,2003,12,5
4.42,2003,10,2
6.83,2006,3,21
7.06,2005,4,22
2.91,2018,2,2
2.42,1998,4,14
4.26,2011,7,29
2.21,2019,8,12
2.74,2018,2,7
6.11,2007,10,24
2.97,2002,7,30
7.5,2007,4,17
2.97,2016,9,16
7.14,2007,3,8
2.75,2016,8,23
5.63,2004,10,11
3.75,2011,3,3
3.03,1997,9,24
4.04,2009,2,27
5.06,2000,9,13
2.75,2016,8,16
4.05,2010,12,27
3.54,2018,11,7
3.45,2002,5,16
2.71,2015,4,8
2.27,1998,9,18
9.21,2008,3,4
3.3,2013,2,12
5.41,2004,9,24
3.69,2013,7,10
2.7,2016,8,12
6.47,2006,5,4
4.02,2000,6,20
2.76,2016,11,23
2.09,2012,3,27
4.22,2011,4,5
3.55,2013,9,6
3.34,2009,7,30
3.14,2002,6,10
2.16,2016,1,25
4.72,2003,7,29
2.78,2018,4,23
3.43,2011,12,6
3.79,2013,6,7
6.26,2004,1,21
7.69,2007,6,18
3.59,2000,7,26
2.96,2012,1,4
1.8,1999,3,29
4.23,2000,8,3
6.71,2007,11,5
3.07,2001,10,31
5.59,2004,3,15
13.28,2008,7,1
4.23,2002,10,21
5.71,2008,12,30
10.07,2008,4,11
5.34,2004,8,23
2.31,2019,6,25
2.81,2017,10,18
7.94,2008,2,6
4.42,2009,5,13
2.95,2018,8,7
5.21,2014,2,25
1.63,2015,12,23
2.61,2015,4,16
4,2013,6,4
3.75,2012,11,26
3.16,2001,8,7
3.32,2002,4,26
2.17,1999,4,21
2.98,2017,7,3
2.45,2012,3,1
2.61,2015,9,21
2.17,1999,7,9
3.26,2017,5,15
6.31,2005,5,31
2.71,2015,8,25
5.95,2006,6,13
7.02,2001,1,23
3.37,2009,7,15
4.14,2014,9,30
1.87,2001,11,27
7.15,2006,11,1
4.38,2000,6,15
2.22,1999,11,30
2.87,2001,8,23
3.27,2001,8,1
1.88,1997,3,20
4.51,2003,9,23
7.46,2005,6,21
2.89,2018,6,4
2.44,2012,2,28
7.09,2007,10,15
4.16,2002,10,28
2.24,1997,7,24
4.48,2009,2,2
5.14,2002,12,19
3.72,2011,10,17
5.2,2003,3,19
2.23,1997,6,19
2.67,2015,9,11
2.9,2015,7,16
4.67,2010,8,6
3.46,2013,2,26
3.88,2009,10,15
3.32,2016,12,1
2.12,1998,5,6
3.46,2009,7,27
2.2,2012,6,14
2.99,2012,8,7
5.7,2006,9,6
5.76,2003,1,30
6.61,2005,5,3
7.59,2006,11,16
3.83,2001,6,20
5.45,2001,4,11
2.07,2020,8,4
3.43,2013,1,16
7.55,2007,3,6
3.31,2001,7,31
4.81,2003,8,4
6.1,2005,2,16
5.46,2003,12,29
2.51,2012,1,17
3.2,2000,5,10
5.33,2004,2,18
1.66,2020,5,15
5.64,2003,6,25
6.02,2006,6,12
2.68,2012,1,26
3.44,2017,1,26
7.41,2000,12,4
6.32,2007,7,16
4.71,2003,8,5
3.62,2014,10,21
1.8,1999,3,23
2.05,1998,10,7
2.65,2019,9,9
3.44,2011,11,4
1.75,2019,12,27
3.56,2009,9,24
3.4,2002,4,19
6.78,2006,7,25
4,2002,9,24
4.32,2010,6,2
3.27,2002,4,15
3.66,2012,11,14
5.16,2004,3,26
2.97,2000,4,10
9.86,2005,8,26
3.04,2016,9,13
5.06,2003,8,12
4.21,2011,4,4
2.9,1999,10,20
1.64,2020,4,6
7.02,2008,11,11
8.91,2008,2,19
4.47,2010,12,8
4.34,2013,12,27
3.71,2014,12,19
1.92,2016,4,22
3.08,1997,10,1
1.92,2015,11,3
5.01,2003,7,18
6.35,2004,5,21
2.62,1997,1,24
5.91,2003,1,27
6.63,2007,10,22
2.41,2019,7,9
1.96,2016,4,5
2.68,2009,9,10
5.36,2001,4,17
5.77,2004,8,3
4.19,2002,10,15
2.45,1999,9,17
4.29,2010,8,19
4.35,2010,12,14
5.34,2004,3,3
3.65,2002,4,30
1.96,2016,5,23
1.85,1998,7,31
3.25,2002,4,10
4.31,2013,5,1
3.12,2002,8,30
2.34,2015,10,5
3.99,2014,9,18
4.49,2011,1,10
11.36,2005,9,1
3.94,2014,8,8
6.79,2007,10,10
5.34,2007,8,27
2.16,2016,2,10
2.77,2015,6,29
5.12,2003,4,29
3.36,2002,8,22
11.02,2005,11,23
4.84,2009,2,5
2.78,2018,7,27
8.55,2005,8,4
3.59,2011,10,27
2.85,2015,8,10
6.28,2005,2,1
2.22,1999,6,21
1.96,2016,4,21
6.55,2007,10,2
5.93,2000,11,29
2.28,2002,1,31
3.24,2009,11,12
4.11,2009,10,30
4.62,2000,8,28
7.73,2007,2,26
7.36,2007,3,5
2.3,1998,7,13
6.99,2006,10,30
2.83,2015,6,23
2.98,2018,6,26
4.86,2009,1,20
6.5,2007,7,19
3.57,2009,8,7
5.24,2003,8,22
2.69,2019,2,19
2.44,2017,2,27
6.35,2004,6,15
7.22,2007,11,13
3.2,2013,2,11
2.97,1997,10,2
2.37,1997,12,18
3.49,2012,10,22
3.64,2013,7,11
2.21,2019,12,19
2.25,2000,1,12
1.97,2016,4,12
2.98,2017,3,10
6.69,2007,10,8
5.89,2004,7,9
3.07,2001,8,6
2.56,1997,8,18
3.92,2018,1,17
2.09,2019,12,26
4.76,2010,7,7
4.28,2018,11,26
5.73,2008,12,8
4.92,2001,4,26
2.8,2000,3,2
1.82,2012,4,20
3.45,2011,12,7
2.58,2002,1,3
2.98,1997,1,27
2.28,1999,6,15
6.69,2008,10,9
1.71,2016,4,15
2.17,1998,3,9
3.66,2011,10,31
2.97,2016,8,29
3.22,2015,2,24
2.57,1997,8,14
1.7,2015,12,14
6.25,2006,6,1
3.54,2018,1,25
3.92,2011,2,15
3.53,2002,4,24
3.63,2009,7,1
5.16,2001,3,21
13.31,2008,7,2
3.02,2017,8,14
4.75,2004,9,2
4.25,2000,6,29
6.62,2008,10,13
1.81,1997,2,26
4.28,2010,5,19
5.72,2003,1,22
2.02,2015,11,13
1.8,1999,2,18
2.69,2015,9,18
6.64,2006,4,13
5.53,2003,4,15
1.69,2020,4,1
11.18,2008,5,13
2.81,2018,4,4
6.81,2005,3,8
3.3,2009,9,29
2.99,2017,7,25
2.64,2019,11,18
3.04,2015,5,20
3.8,2009,6,15
8.99,2008,3,24
1.7,2020,3,27
4.21,2000,6,2
2.81,1999,10,13
2.26,2019,7,25
5.82,2005,1,7
2.05,1998,1,5
6.24,2018,1,3
2.02,1998,11,23
2.12,1998,3,5
5.34,2000,10,16
2.12,1998,1,20
5.03,2002,12,23
2.97,2016,7,29
1.59,1998,12,10
3.54,2009,8,11
1.88,2020,7,9
2.95,2017,10,23
3.89,2000,7,28
7.84,2006,12,4
6.97,2007,12,3
5.25,2001,4,3
2.99,2017,10,13
3.78,2014,8,18
3.34,2013,2,20
7.36,2006,2,13
2.99,2018,8,24
2.27,2012,5,8
2.82,2000,3,27
2.14,1999,4,16
1.91,2020,1,31
1.99,1999,11,23
2.06,2016,2,3
2.28,2019,7,31
2.79,2016,6,21
2.3,2001,11,28
2.19,1997,6,6
3.15,2002,3,18
9.59,2008,3,10
4.15,2014,7,10
4.54,2014,5,19
3.87,2013,11,26
4.94,2003,8,18
2.4,1998,4,17
2.63,2015,4,22
2.9,2015,1,12
1.96,1997,4,9
3.69,2013,11,13
6.45,2005,1,14
3.23,2017,1,20
6.15,2004,6,14
2.79,2015,2,27
7.03,2006,6,16
2.7,2015,9,14
3.09,2009,11,20
10.33,2008,4,23
2,1998,7,23
6.09,2004,6,7
2.33,2019,7,1
4.57,2003,11,24
2.98,2018,9,12
2.88,2017,9,11
4.84,2000,10,20
9.21,2005,11,15
4.2,2002,10,29
4.44,2013,12,13
6.09,2004,5,5
7.47,2007,2,22
4.36,2006,9,26
7.18,2007,12,19
6.02,2005,2,7
2.81,2012,9,4
5.5,2006,12,29
2.09,1998,7,21
1.7,2020,5,11
2.45,2001,11,12
2.66,2012,9,10
2.26,1999,6,24
3.22,2017,1,30
3.93,2010,4,20
5.23,2004,8,24
2.7,2019,11,15
3.96,2009,10,12
3.62,2002,5,13
3.06,2017,4,26
7.76,2005,7,29
2.72,2009,9,9
7.35,2007,11,15
4.48,2011,1,13
3.58,2014,12,16
2.34,1999,6,30
2.34,1999,6,1
2.29,1997,7,17
4.34,2002,10,30
2.29,2019,7,3
3.14,2014,12,31
2.37,2015,10,21
3.56,2016,12,15
3.97,2010,9,24
5.33,2004,3,10
3.12,2000,4,18
3.93,2013,5,6
6.94,2008,11,5
2.14,2015,11,26
6.06,2003,6,11
2.11,1997,7,3
2.51,2002,3,1
2.29,2012,5,1
2.98,2018,8,28
2.4,2001,12,21
3.54,2011,10,12
3.86,2014,9,8
5.46,2018,1,16
2.18,2019,8,7
3.9,2014,9,23
2.73,2001,11,7
3.06,2017,11,30
2.43,2001,9,6
5.42,2004,8,6
2.21,1998,3,13
2.65,2019,9,19
2.88,2015,7,13
3.79,2010,3,30
2.5,2000,2,23
2.8,2017,8,1
4.23,2002,12,2
3.13,2017,3,31
2.64,2018,3,28
7.06,2006,4,6
4.32,2011,4,1
3.85,2013,6,10
6.63,2007,11,2
13.09,2008,6,19
3.7,2013,10,9
1.84,1998,9,1
3.26,2018,10,3
1.95,1998,10,22
10.11,2008,4,16
6.78,2007,3,13
3,2017,8,21
1.9,1998,8,20
3.99,2009,5,19
2.94,2016,6,29
3.97,2010,4,16
5.42,2010,1,27
7.51,2010,1,7
2.65,2019,5,28
4.52,2011,1,18
2.8,2012,8,22
7.11,2007,12,28
3.76,2010,11,9
6.08,2003,5,21
2.1,1998,5,26
2.39,1998,7,8
3.41,2013,2,6
2.6,2012,6,20
3.02,2017,3,22
2.96,2012,9,12
9.15,2008,2,25
6.74,2008,10,14
4.56,2003,10,27
3.03,2012,7,20
5.24,2004,11,22
2.59,2016,6,17
4.61,2000,10,26
4.13,2013,5,21
3.11,2017,2,9
5.8,2003,3,12
6.02,2007,1,8
3.58,2013,10,3
6.06,2005,1,13
4.47,2003,10,1
13.9,2005,10,25
3.31,2002,8,28
4.28,2013,5,2
1.81,1999,2,8
5.61,2003,1,29
3.02,2018,6,7
3.15,2001,10,25
4.99,2003,8,19
4.91,2010,2,24
13.67,2005,10,11
1.49,2016,3,4
1.75,1999,2,23
2.03,2002,1,28
4.07,2013,4,2
4.05,2001,6,12
3.54,2013,7,3
3.31,2018,10,31
3.56,2013,11,15
8.29,2006,1,23
2.85,2017,2,14
3.21,2009,7,16
2.32,2002,1,10
6.83,2004,12,21
4.42,2011,6,22
3.39,2012,12,11
5.13,2003,1,3
3.78,2011,3,11
2.66,2000,1,25
7.51,2008,1,4
1.94,2016,5,3
2.73,1999,8,12
4.35,2002,12,5
2.01,2016,5,9
5.38,2004,2,6
3.18,2016,10,10
5.73,2007,8,23
2.89,1999,10,19
1.98,2012,4,5
2.2,1999,7,19
2.13,1997,7,7
2.76,2012,9,20
7.41,2005,6,16
2.63,1997,11,24
6.96,2007,10,3
3.86,2002,10,8
4.26,2010,5,13
5.8,2007,9,5
7.8,2003,3,5
5.04,2014,2,3
5.45,2006,9,5
7.07,2005,3,24
12.18,2005,10,31
6.76,2008,10,21
12.1,2008,7,9
4.66,2003,9,30
8.02,2008,9,12
3.82,2010,11,26
4.52,2003,11,11
4.83,2011,6,6
2.1,2001,12,3
2.72,2016,10,28
3.85,2011,3,17
6.6,2008,11,7
3.49,2009,7,20
3.74,2013,10,11
5.5,2003,1,16
6.35,2006,5,12
2.84,1999,8,31
2.24,1997,8,1
1.77,2020,5,18
7.04,2004,12,15
2.52,2017,2,22
7,2001,1,26
2.36,1999,12,27
10.47,2003,2,26
6.13,2007,9,12
2.2,1998,2,23
2.81,2018,4,6
2.55,2016,6,14
2.73,2000,1,26
7.44,2007,4,27
4.54,2011,6,16
10.72,2008,4,25
2.28,1999,6,16
3.91,2001,6,18
3.66,2013,7,18
4.27,2002,11,20
4.57,2011,1,20
3.71,2013,11,18
5.81,2004,4,5
7.79,2005,7,12
2.08,2019,10,18
3.91,2014,12,12
5.33,2001,4,6
2.08,2016,11,11
3.76,2002,9,25
3.84,2014,7,28
1.78,2020,5,27
6.63,2003,12,15
2.16,1999,7,14
3.26,2012,10,5
3.92,2009,5,29
2.97,1999,8,20
7.31,2006,2,15
2.82,2012,8,15
2.77,2015,3,25
7.29,2005,6,27
2.65,1997,2,5
2.76,1999,10,29
1.76,2015,12,21
3.51,2002,8,26
4.19,2002,10,14
3.28,2002,7,1
1.79,2016,3,23
3.01,2017,6,16
5.67,2001,2,7
5.81,2004,4,27
3.11,2002,6,11
2,1997,4,14
9.25,2008,3,26
3.18,2012,10,8
1.75,1999,3,15
6.22,2003,2,5
6.4,2007,6,29
5.66,2008,12,19
2.88,2016,9,5
3,2017,9,15
2.75,2018,5,18
3.26,1997,1,20
2.73,2019,2,21
3.96,2011,9,13
7.78,2004,10,26
3.12,2017,6,13
2.1,1997,4,18
2.29,1999,5,11
1.78,2020,4,20
6.09,2007,1,11
5.96,2009,1,8
6.04,2006,6,28
3.27,2018,10,26
1.85,1999,1,21
2.58,2002,1,7
8.23,2008,1,16
2.19,2020,8,11
6.43,2005,1,21
2.39,2002,2,12
7.73,2008,8,19
3.73,2010,9,1
6.44,2005,1,25
2.35,2015,10,7
3.49,2011,10,6
2.36,2016,6,8
5.17,2004,3,1
10.02,2005,8,24
2.36,1998,6,29
1.65,1999,3,1
4.48,2011,1,19
5.09,2009,1,16
2.06,1998,9,29
2.04,1998,5,28
4.28,2011,6,30
3.27,2012,12,13
4.03,2013,3,28
7.57,2007,4,3
3.82,2009,6,25
3.36,2010,10,18
6.79,2008,11,4
3.01,2012,9,27
6.81,2001,1,25
6.76,2001,1,29
1.76,2020,3,20
6.21,2004,5,4
3.9,2014,8,13
8.42,2006,12,1
4.77,2003,11,12
5.61,2010,1,13
3.07,2014,12,29
4.6,2000,8,21
2.96,2017,9,26
4.7,2003,9,4
3.65,2002,5,2
5.24,2001,4,4
3.2,2010,11,2
11.17,2005,11,29
4.24,2002,11,21
7,2006,3,20
7.88,2008,2,1
3.99,2009,6,17
4.87,2009,1,21
1.84,1997,3,31
2.95,2017,10,24
7.85,2007,5,14
4.52,2000,5,31
3.02,2017,9,13
2.75,2017,2,20
8.12,2014,2,5
2.23,2000,1,11
2.4,2001,12,20
2.31,2019,12,6
2.67,1999,12,20
2.62,2018,3,19
2.54,2019,2,5
2.83,2015,6,24
5.78,2004,4,29
1.77,1997,2,25
6.15,2006,5,17
2.7,2018,3,15
7.56,2008,2,4
6.44,2004,5,20
4.27,2011,1,28
2.4,2012,2,3
7.64,2007,5,2
3.88,2009,3,10
3.07,2016,9,28
3.13,2017,2,3
2.85,2015,5,11
6.46,2007,7,20
5.56,2008,12,12
6.64,2006,10,31
3.34,2009,8,13
1.8,2020,4,28
3.98,2013,5,3
2.81,2018,4,26
3.9,2013,6,18
4.06,2018,1,12
4.18,2010,5,12
4.5,2018,11,29
1.76,2020,6,30
2.88,2015,6,12
3.53,2018,11,6
4.42,2014,3,18
3.57,2013,10,31
4.76,2014,4,21
7.22,2007,12,12
3.26,2017,1,18
4.96,2003,10,13
5.74,2001,2,12
2.18,1998,5,15
3.79,2014,7,29
2.97,2002,3,13
4.52,2009,10,27
2.21,2012,3,21
3.33,2002,5,30
2.23,1997,6,26
4.12,2010,11,29
3.47,2009,11,17
3.36,2017,1,13
1.71,2020,3,31
2.24,1999,11,17
1.76,2020,7,15
12.93,2008,6,18
6.38,2007,8,7
4.73,2014,5,5
1.93,1998,8,21
2.66,2012,5,24
5.28,2003,4,11
4.31,2014,7,7
2.92,2012,9,26
4.08,2010,5,10
2.26,2001,10,15
11.98,2003,2,24
4.09,2002,9,30
2.87,2012,9,5
4.72,2009,1,22
3.21,2017,1,10
2.76,2018,3,13
6.26,2003,2,4
1.98,1997,4,11
4.02,2000,7,6
1.79,2020,3,1
9.29,2005,8,11
2.1,1998,5,27
2.54,2019,9,25
2.08,1998,6,15
2.39,2002,1,8
4.67,2014,6,9
6.38,2007,9,27
2.5,1997,8,7
3.31,2017,1,27
9.3,2008,3,27
5.02,2006,9,18
2.32,2002,2,19
3.75,2013,10,17
4.37,2010,8,16
6.55,2008,11,17
6.34,2007,7,17
5.86,2008,12,11
3.17,2002,7,2
4.27,2000,6,13
2.39,1999,11,10
2.57,1997,8,28
2.94,2015,6,16
4.25,2011,3,30
2.55,2019,9,23
2.99,2018,8,8
3.25,2002,8,29
3.22,2002,9,12
3.24,2009,7,10
2.27,1998,2,3
2.88,2016,9,8
10.48,2000,12,29
4.39,2014,4,1
6.04,2004,6,9
5.84,2005,1,5
3.36,2018,11,1
4.72,2014,3,12
1.83,1998,8,13
1.87,1999,1,13
3.14,2013,1,29
5.35,2004,3,24
3.8,2010,9,27
2.06,2015,12,7
2.31,1998,4,24
5.33,2004,3,11
4.39,2014,1,3
7.77,2005,7,18
6.5,2005,5,2
3.05,2017,11,22
3.35,2000,5,12
2.98,2016,9,29
2.65,2000,2,11
3.06,2011,11,22
3.27,2018,10,16
2.95,1999,8,23
3.18,2009,8,14
1.77,2020,6,11
2.74,2015,5,7
2.72,2019,4,10
8.5,2008,2,14
8.15,2014,2,10
2.96,2018,6,20
4.71,2009,1,29
6.95,2005,4,15
3.13,2019,1,24
8.16,2007,2,9
1.64,1999,2,25
7.78,2005,7,13
3.79,2009,11,23
3.97,2014,9,17
4.6,2000,8,29
5,2001,4,20
5.92,2007,8,21
6.32,2003,12,22
8.24,2008,9,2
5.56,2003,7,9
2.74,2012,9,18
9.11,2008,2,28
6.59,2007,11,9
3.01,2017,7,12
1.74,2015,12,18
4.21,2013,12,16
12.76,2008,6,25
3.85,2010,9,30
2.28,2019,8,22
7.09,2005,6,10
7.58,2007,6,15
2.87,2012,6,27
3.57,2013,10,29
11.09,2008,5,6
3.63,2014,12,9
2.54,1999,12,15
1.97,2012,4,24
2.96,2016,11,28
2.66,2019,4,4
2.3,1998,11,10
3.02,2016,10,7
7.57,2007,4,24
7.53,2007,4,5
6.47,2007,8,20
5.48,2010,2,10
2.76,2016,8,10
3.67,2014,11,4
2.82,1999,10,18
3.89,2010,11,18
4.15,2010,4,14
2.78,2018,3,12
2.39,1997,2,7
2.49,2015,10,9
6.86,2007,8,14
2.06,2020,1,3
2.15,2012,3,13
4.57,2004,9,10
2.39,2012,1,23
9.15,2005,11,14
2.93,2017,2,13
5.51,2010,2,3
3.23,2009,10,6
6.51,2006,8,28
2.39,2015,12,29
9.31,2005,11,9
7.4,2006,2,21
5.09,2001,4,23
2.78,2002,3,14
6.18,2004,5,7
3.94,2014,10,3
4.1,2018,11,13
4.09,2014,11,25
11.17,2005,12,23
2.15,2020,1,14
2.57,1999,9,29
3.11,2017,4,11
3.81,2011,3,15
4.99,2006,9,19
4.42,2010,5,18
6.31,2008,11,13
4,1997,1,13
5.27,2001,3,16
3.29,2002,6,6
3.75,2016,12,6
2.67,2015,9,4
4.24,2013,12,11
1.99,2012,4,9
2.76,2016,8,17
4.23,2010,12,3
2.15,2020,8,7
2.69,2019,5,15
4.24,2002,12,4
2.02,1997,4,16
5.73,2010,2,8
3.9,2011,2,17
7.1,2006,3,15
8.9,2008,2,21
3.63,2013,11,20
11.4,2008,5,21
7.04,2008,11,6
2.85,2015,8,5
11.25,2005,9,16
1.56,2016,3,7
4.78,2003,10,9
3.63,2013,1,22
5.16,2006,10,10
4.05,2011,8,15
4.35,2011,7,11
7.34,2007,2,20
3.54,2018,11,8
5.02,2003,8,8
3.74,2010,9,2
2.31,2019,8,21
3.28,2001,7,30
7.23,2006,11,17
1.59,2016,3,3
2.47,2012,2,16
4.18,2000,5,25
2.83,2016,10,4
1.86,2020,4,23
1.64,1998,10,16
3.02,2018,6,15
2.36,2001,9,17
12.96,2008,6,24
3.07,2019,1,25
2.74,2014,12,26
2.71,2015,4,7
1.99,1998,7,29
7.44,2006,8,4
7.84,2008,9,23
1.77,1999,2,22
3.18,2016,9,22
3.49,2013,7,29
6.32,2005,2,3
2.36,1997,12,22
4.05,2000,8,2
5.89,2006,7,19
7.06,2006,3,22
1.88,1997,3,19
3.65,2016,12,13
12.87,2008,6,17
5.17,2003,7,15
5.46,2004,3,22
1.89,1998,12,24
2.55,2015,4,28
3.71,2016,12,29
6.91,2007,10,4
6.42,2004,5,13
3.01,2015,1,2
13.1,2008,6,27
2.54,2019,11,1
2.37,2015,10,2
2.26,2016,1,27
7.17,2006,3,17
3.02,2015,2,20
3.36,2017,1,12
2.89,2019,1,8
5.14,2010,6,17
2.82,2015,3,17
1.75,2020,7,23
3.11,2017,4,19
4.63,2002,12,11
3.97,2013,3,20
3.9,2013,5,10
2.38,1999,11,11
2.96,2017,7,28
3.51,2016,12,16
2.79,2018,7,23
2.7,2012,6,25
4.87,2003,3,27
6.8,2007,12,27
5.66,2006,7,12
3.63,2009,11,24
6.81,2007,3,12
2.81,2016,7,13
2.1,1999,1,4
2.51,1997,2,6
2.22,2012,6,11
4.09,2011,8,10
2.96,2017,9,25
2.8,2018,3,7
5.25,2003,4,30
2.94,2017,8,23
6.53,2000,12,1
5.29,2006,9,11
3.7,2013,10,22
2.22,1997,4,23
2.72,2015,4,9
3.86,2001,6,15
6.49,2005,5,4
4.01,2010,9,20
4.41,2011,1,27
3.88,2014,8,21
2.35,1998,7,7
4.73,2014,5,2
5.82,2001,2,1
3.63,2012,11,15
3.04,2016,9,12
6.27,2006,5,23
3.66,2009,4,3
2.83,2019,3,12
3.96,2001,6,19
2.4,2001,12,26
2.59,2018,2,27
4.42,2000,8,14
2.57,2001,12,12
2.34,1997,5,28
4.55,2000,6,27
3.25,2012,12,19
3.1,2017,5,5
7.19,2006,3,30
3.67,2013,7,15
5.22,2000,10,4
1.95,1997,2,19
3.61,2002,5,6
4.11,2013,4,11
5.75,2008,12,16
3.77,2010,8,30
2.24,2012,6,1
2.61,2001,10,22
4.27,2013,4,23
2.1,1998,3,6
5.01,2009,2,4
3.39,2009,7,17
3.13,1997,10,21
3.47,2010,10,15
2.22,1997,5,20
2.58,2019,2,6
8.5,2006,1,25
4.17,2000,6,5
2.62,2015,9,23
3.23,2002,6,18
2.21,1997,5,21
4.64,2011,7,20
2.92,2015,2,19
2.74,2019,3,26
7.24,2005,3,22
2.03,2002,1,29
2.75,2018,4,2
2.87,2017,12,12
5.15,2003,7,14
1.82,1999,2,12
2.15,2016,1,28
1.64,2020,6,15
3.05,2017,11,24
6.05,2005,2,17
7.2,2006,10,25
2.19,2012,3,22
2.96,2017,9,28
2.99,1997,1,21
4.24,2000,8,16
3.2,2018,10,22
2.65,2000,2,10
4.15,2010,5,11
7.43,2006,3,24
3.72,2009,6,30
2.28,2016,1,1
5.91,2003,5,12
7.24,2008,9,4
3.05,2014,12,22
4.89,2000,9,6
3.06,2017,5,8
4.6,2000,11,6
2.14,2015,11,27
3.45,2000,5,16
2.19,2015,11,6
7.19,2007,12,20
1.73,2020,4,29
1.99,1997,4,7
3.02,2017,3,15
10.48,2000,12,22
2.28,2016,1,13
4.2,2014,11,12
3.35,2013,8,6
6.82,2006,12,15
2.96,1997,9,30
6.15,2007,7,6
3.94,2009,10,16
2.2,2016,11,4
5.09,2003,8,26
1.74,2020,5,8
5.98,2003,5,13
3.63,2002,4,23
4.14,2000,6,21
4.37,2011,4,25
6.24,2006,8,29
9.28,2000,12,18
4.32,2011,3,31
4.41,2006,10,6
3.16,2018,1,11
3.35,2012,12,20
6.97,2006,8,7
9.66,2005,8,16
2.19,2015,11,9
4.59,2009,10,28
12.36,2005,8,30
3.14,2018,10,2
3.1,2017,5,26
4.43,2010,7,15
3.63,2014,12,4
4.2,2014,11,13
2.94,2015,1,21
7.42,2008,9,26
1.77,2016,5,27
5.72,2006,12,26
4.49,2014,5,30
6.07,2004,10,5
5.15,2004,9,14
2.98,2017,7,11
7.12,2006,3,16
2.36,2019,10,2
4.7,2010,7,21
5.56,2007,7,25
3.89,2011,2,14
4.98,2002,12,18
3.94,2014,9,3
7.1,2004,12,14
1.71,2020,4,17
2.47,2001,8,30
3.58,2013,8,29
3.42,2013,2,25
2.2,1997,6,17
2.6,2015,6,5
1.99,2001,9,24
3.39,2011,11,2
5.07,2003,3,25
1.98,2016,3,31
2.62,2019,11,22
6.03,2004,1,22
5.13,2006,10,16
7.7,2001,1,22
4.43,2010,8,10
6.01,2006,5,24
2.02,2001,10,8
2.45,2019,6,4
2.81,2002,8,5
2.24,2019,8,13
2.37,2019,6,14
5.96,2001,1,30
4.58,2003,9,24
2.77,1997,1,31
2.74,2018,4,11
6.56,2008,11,21
4.57,2009,12,3
4.51,2014,6,12
4.39,2002,12,6
3.65,2011,10,26
14.26,2005,9,21
5.53,2004,4,23
4.31,2010,5,28
4.21,2011,5,16
4.11,2011,2,10
3.27,2018,10,30
2.65,2000,2,18
5.17,2003,8,13
3.72,2014,12,15
3.43,2009,4,29
2.55,1999,7,30
2.69,1997,8,29
2.3,2012,3,6
2.39,2001,9,13
9.37,2008,3,5
2.88,2017,9,8
4.75,2009,1,23
3.03,2009,8,19
3.39,2011,11,3
2.98,2017,7,4
3.37,2009,9,22
13.67,2005,10,7
2.31,2019,10,3
4.6,2003,11,13
5.23,2001,3,26
7.11,2005,3,23
4.7,2000,9,1
4.53,2000,8,24
3.59,2009,4,9
6.56,2005,5,9
3.13,2002,9,4
6.44,2007,7,10
4.68,2003,7,25
2.29,2000,1,13
4.2,2013,12,17
2.62,2016,6,16
4.46,2010,7,13
2.39,1998,6,25
2.5,1997,11,26
2.43,2019,6,12
11.43,2008,7,17
4.92,2003,10,16
3.87,2002,9,23
3.07,2011,12,28
7.91,2006,10,26
6.8,2006,5,5
2.66,2019,4,16
3.09,2000,4,28
5.78,2004,8,10
2.52,1999,9,15
4.89,2003,10,22
6.47,2006,3,8
2.81,2012,1,11
4.54,2018,12,10
4.24,2000,7,5
4.94,2003,1,6
2.93,2015,6,17
3.78,2009,3,17
7.55,2006,2,22
9.59,2005,8,12
6.77,2008,10,23
3.28,2018,10,8
3.79,2010,9,9
2.92,2015,7,27
1.92,2015,11,2
3.01,2015,5,19
1.87,2012,4,13
1.76,2020,3,8
2.15,2015,10,29
2.78,2018,4,9
2.67,2018,3,2
3.34,2013,8,12
11.03,2005,11,16
4.51,2010,3,9
3,2001,7,24
4.41,2014,3,13
5.13,2010,6,16
4.42,2011,7,14
4.88,2003,7,23
6.08,2003,6,10
3.14,2014,12,30
6.63,2005,3,1
9.05,2008,8,1
5.34,2004,8,16
4.35,2010,8,18
6.02,2007,9,20
3.69,2009,4,2
7.75,2004,10,25
2.89,2018,7,11
7.89,2007,6,7
3.46,2009,4,23
2.94,2017,8,16
5.65,2009,12,17
1.84,2020,6,3
5.17,2010,6,18
3.43,2010,10,11
3.21,2002,5,24
6.31,2007,7,30
2.46,2015,10,20
2.89,2012,8,9
6.28,2004,1,5
3.13,2018,1,22
2.55,2000,1,21
4.74,2000,9,8
3.26,2017,1,25
2.87,2019,3,13
2.92,2017,6,6
2.23,2001,9,4
4.57,2004,9,9
7.83,2008,9,11
4.87,2006,9,20
7.03,2006,2,14
3.48,2011,11,10
4.47,2014,7,1
10.31,2001,1,8
2.89,2017,10,10
2.55,2001,11,20
2.71,2016,6,24
4.36,2000,7,3
1.74,1999,3,5
2.07,2020,1,17
2.7,2018,3,5
2.84,2017,10,31
5.54,2010,2,9
2.87,2000,4,4
3.68,2016,12,8
6.41,2004,6,24
6.99,2007,10,30
8.77,2008,8,7
3.09,1997,9,29
5.93,2003,5,20
1.6,2016,3,2
5.58,2003,4,22
4.8,2014,2,28
7.45,2005,6,24
2.37,2019,9,30
3.2,2001,8,22
2.16,2012,3,26
4.74,2002,12,30
5.52,2010,1,21
3.46,2002,4,25
5.57,2010,1,12
3.2,2018,10,29
2.67,2019,9,10
7.04,2007,12,7
4.04,2001,5,22
5.22,2003,7,11
4.55,2003,9,25
9.2,2005,11,11
2.69,2000,1,31
3.18,2000,4,25
1.88,2001,9,26
4.32,2002,12,9
3.11,2011,11,17
3.74,2009,11,18
2.54,2017,2,28
4.25,2000,8,4
3.13,2017,11,13
6.19,2010,1,5
3.33,2002,9,11
2.88,2018,5,25
2.9,2002,3,11
3.92,2009,10,9
2.3,1999,12,30
2.97,1999,10,28
3.87,2009,3,12
4.33,2011,6,20
3.92,2014,11,7
4.38,2003,9,22
4.65,2018,11,19
7.85,2001,1,17
4.3,2006,10,13
1.59,2020,4,16
3.54,2018,1,24
1.84,2016,3,17
2.8,2016,7,22
1.85,1997,4,2
2.25,1999,4,30
5.17,2001,2,20
3.36,2010,10,28
3.76,2014,10,30
3.68,2009,3,19
2.09,1998,1,21
9.09,2005,8,19
4.36,2014,1,8
1.9,1998,8,24
2.16,1997,4,25
3.93,2011,3,1
2.62,2019,5,9
6.24,2001,2,9
6.64,2006,4,28
3.57,2011,10,3
2.22,1997,5,22
2.13,1997,7,8
3.78,2009,3,16
1.77,1999,1,14
2.55,1999,12,17
5.4,2004,3,30
5.8,2006,8,31
4.67,2010,6,7
2.65,2009,11,16
3.12,2011,11,15
5.28,2000,9,15
3.13,2017,2,2
7.87,2008,1,28
1.93,2020,2,7
2.83,2018,5,15
4.16,2009,6,16
4.9,2010,6,23
3.38,2012,12,4
2.82,2018,7,25
2.23,1998,3,12
3.28,2012,10,11
4.36,2011,5,25
7.6,2007,6,13
3.05,1997,9,25
3.81,2009,6,26
3.7,2018,12,20
8.82,2006,1,17
2.72,2012,7,11
2.32,1997,6,25
5.79,2004,11,9
2.11,1998,5,1
8.22,2008,8,8
7.53,2007,2,23
2.8,2017,8,7
4.59,2002,12,31
4.39,2011,6,17
6.25,2003,6,6
9.95,2000,12,20
7.12,2007,10,17
4.82,2000,10,23
6.45,2004,5,28
4.54,2010,7,1
2.03,2002,1,25
4.48,2014,3,31
2.75,1999,11,4
2.43,2009,9,8
3.84,2011,9,16
4.13,2009,3,24
2.94,1997,10,16
3.26,2018,10,15
2.89,2018,7,12
1.68,1999,3,3
2.24,1999,7,20
2.21,1998,11,13
2.11,2001,12,7
2.7,2012,6,26
3.93,2010,3,31
1.68,2020,3,19
4.35,2011,4,27
2.88,2015,6,11
2.38,1999,6,8
3.93,2013,6,19
2.96,2015,5,15
4.24,2013,4,17
3.29,2002,6,5
2.86,2017,12,6
5.39,2004,8,20
2.18,1998,2,10
3.21,2013,1,8
5.95,2004,7,1
2.25,2019,10,4
2.16,1998,1,6
2.28,2016,2,1
2.81,2017,12,11
6.47,2007,9,26
3.88,2014,8,22
2.69,2009,8,24
3.26,2001,7,26
4.98,2002,12,26
3.64,2018,12,19
12.27,2008,6,3
8.16,2001,1,16
1.91,2016,5,16
12.51,2008,6,13
5.48,2010,2,12
3.43,2009,9,23
1.79,2016,3,22
7.98,2014,3,4
6.41,2005,5,17
1.88,2012,4,16
3.43,2009,4,21
4.36,2000,6,30
3.34,2012,11,5
2.45,2012,6,18
5.64,2004,8,11
6.52,2008,10,10
3.73,2013,9,19
2.84,2019,11,7
5.22,2004,9,27
2.22,1998,9,30
3.34,2012,10,23
4.14,2001,5,21
5.81,2003,2,13
2.47,1997,8,22
5.7,2004,4,6
3.46,2010,10,20
4.64,2000,11,3
12.51,2008,6,12
3.08,2013,1,10
2.46,2019,11,27
4.65,2018,11,20
2.61,2019,10,29
4.35,2000,8,17
5.09,2006,9,14
8.11,2008,8,13
3.34,2013,8,15
2.08,2016,2,12
2.67,2015,9,7
2.51,2000,2,25
2.65,2015,6,3
2.92,2015,1,8
2.42,2019,6,28
2.65,2018,2,22
3.89,2013,12,4
6.98,2003,12,18
6.4,2006,3,10
6.19,2007,8,1
4.61,2003,9,17
5.54,2014,2,14
4.35,2009,2,17
2.81,1997,10,7
6.93,2006,12,12
5.54,2004,8,5
2.09,1997,4,29
2.85,2018,2,5
2.82,1997,9,2
12.15,2008,7,11
4.05,2014,11,14
5.1,2010,2,19
2.29,2019,10,15
6.27,2006,7,17
2.27,1997,12,31
2.87,2017,10,16
7.52,2005,7,27
4.85,2003,9,11
1.95,2016,2,16
5.34,2014,2,13
2.91,2000,2,2
3.9,2010,4,9
4.49,2014,6,2
1.97,2016,4,26
2.87,1999,8,27
2.31,2019,6,24
5.53,2005,1,3
4.18,2011,3,23
3.16,2016,10,13
5.66,2007,7,24
6.94,2005,3,28
1.21,1998,12,3
2.96,2018,8,29
2.85,2002,7,11
1.82,1998,8,7
2.96,2018,6,29
3.17,2011,11,14
2.28,2001,10,12
6.76,2004,11,29
6.04,2004,1,28
1.77,2020,7,29
2.98,2017,9,27
1.94,2020,1,30
2.3,2012,5,7
8.12,2004,10,27
2.26,2002,2,14
10.81,2003,2,28
4.19,2010,5,26
2.88,2017,10,17
3.6,2014,10,29
2.29,1997,5,27
2.87,2015,5,14
3.56,2009,4,1
3.85,2013,12,2
4.59,2011,6,14
2.59,2017,3,2
4.04,2014,8,29
5.41,2009,1,2
3.73,2001,5,31
3.8,2018,12,17
3.07,2000,4,20
3.29,2013,2,13
4.3,2018,11,16
4.08,2013,4,9
4.5,2000,11,2
2.94,2019,1,29
5.88,2005,2,18
6.27,2005,1,20
2.99,2017,4,25
2.71,2019,2,12
3.92,2001,6,14
3.81,2014,10,15
3.8,1997,1,8
7.57,2005,4,1
7.42,2006,11,14
4.62,2003,9,2
2.75,2018,5,3
2.17,2002,2,7
2.95,2017,8,30
6.81,2007,11,8
5.79,2009,12,21
5.54,2006,12,27
3.09,2017,3,21
8.29,2007,2,6
7.4,2008,9,5
6.16,2004,7,6
4.19,2013,5,28
2.99,2017,7,24
2.59,2012,6,19
2.25,1999,6,23
4.83,2014,4,25
5.7,2004,8,4
1.79,2020,2,28
13.89,2005,10,17
5.12,2000,9,25
1.99,2016,4,8
4.18,2014,11,11
5.44,2008,12,26
6.43,2007,10,26
2.73,2017,10,3
1.83,1998,8,26
3.9,2013,6,20
2.41,1999,6,7
2.07,2012,3,15
3.92,1997,1,10
2.13,2019,10,21
3.43,2012,10,19
6.11,2007,8,3
1.78,2016,3,25
2.89,2018,5,23
4.48,2010,12,7
1.73,2020,3,24
3.01,2018,6,27
13.24,2005,10,20
7.9,2007,2,7
7.02,2005,4,14
7.13,2008,9,29
2.94,2012,7,6
5.46,2003,4,24
5.91,2004,7,14
2.22,1998,2,13
4.17,2001,5,10
6.27,2006,12,19
6.02,2006,7,18
11.1,2008,5,19
3.13,2012,7,26
2.81,2016,11,21
2.58,2001,12,11
3.16,2012,7,24
2.91,2012,1,5
2.75,2018,7,19
2.14,1999,4,13
11.08,2008,5,7
1.76,1998,8,27
2.76,2016,7,21
2.58,2015,4,13
7.61,2001,1,19
7.15,2007,3,26
4.1,2011,5,19
3.01,2002,7,22
6.88,2004,12,16
1.68,2020,6,8
2.93,2017,10,6
7.51,2007,5,29
1.99,2001,11,15
2.21,2019,10,22
6.29,2004,6,22
2.56,2017,2,21
6.68,2008,12,2
5.85,2004,7,13
2.98,2018,8,31
3.01,2018,8,23
1.75,1999,2,1
7.64,2008,10,2
3.55,2011,11,9
2.37,2002,2,13
3.35,2009,5,26
7.08,2005,4,26
5.37,2004,3,2
11.58,2008,7,14
7.68,2007,5,15
4.58,2011,7,21
3.33,2012,12,12
7.17,2006,4,26
2.78,2000,2,4
4.78,2010,3,2
4.67,2009,2,6
6.77,2007,10,5
3.55,2013,8,26
7.07,2008,11,10
7.41,2005,7,22
2.73,1997,9,4
3.06,2000,4,27
4.17,2014,7,9
5.95,2004,7,12
5.16,2001,3,22
2.22,1999,11,18
2.57,2015,4,20
10.23,2000,12,26
3.4,2012,10,29
4.66,2014,6,6
3.67,2009,5,6
6.45,2007,8,9
7.32,2006,12,5
2.78,1997,9,11
5.26,2003,8,25
5.27,2009,12,9
2.54,2012,2,15
1.97,2016,5,17
1.98,1998,6,10
1.64,2020,6,22
13.36,2005,12,16
3.71,2016,12,30
5.27,2001,3,15
8.43,2008,1,15
3.06,2011,12,20
1.81,1999,2,5
2.73,1999,8,9
4.63,2011,5,31
3.93,2011,2,28
3.18,2001,8,21
4.83,2011,6,7
3.78,2011,9,19
3.21,2012,10,3
2.42,1999,12,23
?,2018,1,5
7.52,2007,6,8
2.58,2015,4,10
2.19,1998,2,18
6.29,2004,1,12
4.47,2014,5,13
3.16,2012,8,2
2.24,2012,3,7
2.4,2002,2,21
2.77,2015,8,19
2.13,2015,11,11
2.83,2002,8,9
4.09,2010,9,16
2.68,2015,5,1
4.02,2010,3,24
2.4,2002,2,22
2.62,2018,3,22
2.94,2018,5,31
9.44,2005,8,22
2.55,2019,9,24
5.24,2003,5,2
2.76,2015,8,3
3.57,2013,6,28
2.23,2016,1,19
4,2010,11,10
2.61,2015,9,22
4.08,2010,9,23
2.6,2012,1,24
4.76,2010,3,3
2.03,1999,4,5
2.8,2015,6,25
7.38,2007,11,19
3.14,2012,7,30
1.87,2012,4,12
5.57,2009,12,16
2.26,2016,11,14
7.05,2004,12,22
4.11,2001,5,23
7.03,2006,7,27
5.83,2009,1,5
6.2,2005,2,9
4.72,2011,6,3
2.05,2012,4,27
7.71,2003,3,4
2.85,2015,5,12
3.27,2015,3,5
3.39,2011,11,29
2.66,2000,2,17
2.59,2019,5,3
7.74,2006,11,29
2.66,1999,10,15
12.17,2008,6,4
2.76,2009,8,26
2.83,2012,7,17
2.25,1997,12,15
2.5,2019,6,3
3.91,2010,5,7
4.4,2018,12,4
2.38,2001,9,11
2.2,1997,7,23
4.17,2009,3,23
2.23,1998,2,4
4.22,2009,10,19
5.07,2003,3,24
4.01,2011,8,23
2.1,2012,4,30
7.8,2005,6,20
8.17,2008,1,30
3.25,2017,1,19
4.53,2014,5,20
3.72,2013,10,8
2.31,2002,1,9
2.02,2015,11,16
1.75,2020,5,21
2.96,2015,1,9
2.6,2018,2,12
3.18,2017,11,9
3.79,2002,5,1
3.79,2011,3,2
5.54,2000,10,12
3.57,2002,3,22
5.89,2003,6,23
7.32,2007,1,30
5.1,2004,2,23
3.58,2018,1,26
2.32,1998,7,10
2.75,2016,8,18
2.95,2016,8,30
3.85,2014,9,16
2.32,1999,12,28
6.86,2007,3,14
3.24,2012,10,17
4.33,2003,9,19
2.88,2017,11,27
2.17,1997,6,27
5.04,2000,10,19
3.58,2010,10,13
5.51,2004,2,2
2.65,2000,2,16
7.25,2004,11,3
10.08,2008,4,18
2.01,2020,1,15
4.11,2010,9,17
2.67,2015,9,3
6.29,2004,12,10
7.16,2007,3,23
2.29,2019,10,17
4.37,2010,12,10
5.98,2004,7,23
2.51,2012,1,31
5.91,2003,1,24
2.78,2016,10,24
1.92,1997,2,24
3.9,2009,3,13
5.81,2004,4,30
6.93,2005,4,21
1.85,1997,3,26
2.44,2019,7,17
2.01,1997,3,17
4.46,2011,7,22
2.71,2019,4,9
6.81,2006,12,11
6.68,2006,5,2
2.37,2015,10,22
1.87,2016,3,30
3.08,2012,9,28
2.95,2018,6,22
14.25,2005,12,8
8.65,2008,2,22
3.11,2000,5,5
4.45,2014,1,15
3.13,2019,1,23
4.08,2013,3,27
1.96,2020,3,11
5.32,2004,3,5
2.14,1998,6,18
5.7,2004,1,26
1.69,2020,5,1
6.74,2007,6,27
3.47,2012,11,7
8.7,2006,1,12
7.44,2005,4,5
3.62,2013,9,9
4.35,2003,11,20
5.57,2008,12,9
2.72,2019,9,18
11.41,2008,5,15
4.44,2000,6,28
2.35,1998,6,23
6.12,2004,11,10
3.2,2001,7,10
4.49,2003,11,25
6.79,2007,6,28
2.72,2015,3,13
2.6,2012,5,23
3.06,2002,7,8
2.99,2001,7,6
3,2017,8,22
5.8,2004,5,3
4.6,2009,10,20
1.55,2020,6,17
1.84,1997,3,27
3.05,1997,10,20
4.62,2014,6,3
3.96,2011,9,9
8.65,2006,8,2
3.81,2009,6,3
1.81,2016,3,15
3.01,2018,8,17
3.28,2010,10,26
3.9,2002,11,7
3.05,2017,6,1
4.12,2010,5,20
2.04,1999,1,6
8.01,2006,2,3
4.5,2014,3,28
2.01,1998,6,12
2.53,2019,4,24
8.48,2000,12,7
2.28,2002,2,4
5.25,2014,1,28
5.62,2004,2,13
2.84,2016,9,30
1.84,1998,10,23
2.22,2019,7,30
4.67,2014,4,9
2.38,2002,1,16
1.93,2020,1,29
2.88,2016,7,11
2.25,1999,6,28
5.63,2004,10,12
9.7,2008,7,24
2.02,2012,3,29
4.44,2000,8,11
6.23,2007,9,14
11.03,2005,9,9
4.9,2003,10,23
6.67,2005,5,6
6,2007,7,23
3.46,2002,9,17
7.17,2008,9,30
2.77,2018,8,2
1.57,2016,3,1
6.18,2004,5,19
2.19,2012,3,20
4.03,2009,10,13
2.35,2000,1,18
3.99,2014,8,26
2.62,2019,2,7
1.77,2020,7,24
8.73,2008,2,15
1.95,2015,12,10
2.85,2018,5,16
5.76,2003,5,29
2.31,2012,5,2
3.06,2017,7,21
1.63,1998,11,30
3.59,2013,11,7
3.43,2012,10,24
2.45,1997,8,21
5.39,2008,12,22
6.43,2008,11,28
4.32,2014,11,21
5,2003,7,16
2.32,2009,10,2
5.36,2003,5,5
2.52,1999,12,16
3.24,2002,6,19
3.9,2002,11,5
3.24,2013,1,30
2.63,2015,6,2
5.25,2001,2,28
2.91,2002,8,12
2.89,2019,2,27
2.06,2020,1,16
2.88,2015,1,30
3.92,2009,3,11
2.83,2016,10,5
2.92,2000,3,29
2.72,2019,4,8
3.75,2010,8,27
2.77,2015,7,8
1.83,2020,4,7
2.4,2019,6,6
2.89,2016,7,4
3.63,2011,10,28
4.01,2010,3,19
6.67,2005,4,28
9.17,2008,7,29
7.46,2007,5,9
2,1997,4,15
1.89,2012,4,17
12.71,2008,6,6
3.63,2009,3,30
3.76,2002,9,27
2.84,2018,5,29
2.66,2018,2,28
3.91,2009,6,23
1.61,2020,6,23
4.1,2002,10,17
2.88,2018,4,16
3.57,2013,3,8
2.8,2017,10,5
3.4,2012,12,28
8.73,2006,1,31
2.18,1999,7,16
8.38,2005,8,2
2.79,2012,8,14
7.13,2005,6,7
2.93,2001,11,2
6.76,2008,11,20
2.01,2016,4,13
5.4,2007,1,2
2.95,2018,6,19
2.19,1998,3,4
5.81,2008,12,29
2.24,1999,6,17
2.04,1998,6,4
6.63,2007,10,9
4.86,2003,11,26
4.3,2011,8,2
7.47,2007,5,25
2.75,2019,4,12
5.49,2003,5,7
3.46,2002,3,25
2.83,2002,7,15
3.62,2013,11,11
4.78,2014,4,29
4.39,2014,6,30
2.57,2019,9,26
2.97,2017,8,24
9.88,2008,7,23
5.29,2000,10,3
3.43,2002,4,1
4.42,2010,8,12
6.43,2006,6,15
5.6,2009,1,9
4.28,2001,5,14
5.75,2009,12,24
6.3,2007,10,23
6.25,2007,9,19
5.1,2004,2,25
2.91,2002,7,24
6.74,2008,11,18
2.72,2001,11,6
2.92,2012,7,16
4.85,2000,9,7
3.03,2009,8,20
4.67,2010,7,22
4.65,2006,9,21
14.07,2005,12,15
4.01,2003,11,4
3.03,2017,3,29
2.32,2002,1,11
4.24,2011,5,6
3.49,2009,5,27
3.54,2013,11,8
1.73,1999,1,26
2.69,2015,8,28
5.35,2004,2,12
2.47,2016,1,8
1.81,1998,9,8
7.55,2006,2,9
3.83,2014,7,23
2.89,2015,3,6
2.4,2016,1,12
4.13,2014,7,11
2.46,2001,8,29
4.08,2010,12,23
5.47,2001,3,27
2.24,1998,5,13
3.04,2017,3,13
2.61,1997,8,19
2.96,2018,8,10
1.75,2020,7,13
2.68,2001,11,8
3.27,1997,11,13
7.96,2008,1,10
2.6,2012,2,22
2.3,1999,9,22
2.33,1998,3,25
2.48,2012,2,14
2.2,1998,6,2
7.05,2005,6,6
2.98,1997,9,22
3.85,2013,6,21
5.66,2003,1,17
3.42,2018,12,26
5.82,2009,12,31
5.45,2001,4,9
3.99,2010,12,17
7.42,2007,11,27
1.79,2015,12,11
5.78,2009,12,30
7.84,2008,1,3
2.51,1999,9,27
2.92,2017,8,31
2.76,2015,5,5
2.21,1997,7,15
2.5,2012,5,29
6.89,2006,4,5
4.84,2010,8,5
2.55,2012,2,27
11.83,2008,7,10
2.15,2001,8,31
3.97,2011,8,22
10.22,2005,12,27
4.25,2019,3,4
1.78,1999,2,2
2.04,1998,10,21
3.23,2017,4,6
4.46,2011,1,25
3.81,2011,3,9
2.81,2017,8,9
3.96,2011,9,7
3.61,2013,10,28
2.19,1998,5,5
7.64,2005,7,21
5.02,2004,9,1
2.95,2017,8,29
1.7,1998,10,28
2.62,2019,9,12
2.29,1998,3,24
2.18,2020,8,10
11.01,2005,11,28
2.03,2016,5,4
4.76,2014,4,22
2.08,2016,11,10
2.09,2019,12,31
2.95,2017,3,28
6.99,2006,4,11
1.78,2020,7,8
5.61,2004,3,17
3.15,2017,4,10
5.92,2004,4,13
1.87,1998,8,11
2.95,2017,8,28
3.81,2010,9,8
6,2004,10,6
2.96,2015,5,21
1.79,2020,7,16
6.14,2004,5,10
4.41,2014,11,19
2.87,1999,8,19
2.88,2017,9,12
3.59,2013,7,26
3.85,2010,8,26
2.97,2017,3,24
3.06,2017,4,21
2.14,2015,10,27
3.21,2016,10,17
3.15,2001,8,15
7.87,2005,7,8
3.11,2018,9,19
7.32,2005,6,14
5.41,2009,12,14
3.05,2001,8,14
6.54,2006,5,8
3.07,2017,6,29
2.6,2000,2,28
2.84,2019,2,25
3.4,2011,10,7
2.2,1998,2,20
2.66,2018,2,9
4.28,2011,5,9
2.46,1998,7,1
4.32,2011,2,7
6.21,2005,1,10
2.13,2019,10,14
6.62,2006,3,1
1.95,2020,2,13
3.72,2002,4,2
6.55,2006,5,9
3.01,2018,9,28
6.25,2003,3,11
6.83,2006,4,10
6.5,2006,5,10
2.42,2009,8,31
7.11,2007,12,31
6.43,2006,12,20
3.01,1999,8,24
2.84,2009,9,14
7.8,2007,5,31
6.27,2007,9,13
6.91,2007,10,19
5.48,2001,4,16
2.81,2018,4,25
1.72,2020,6,10
3.91,2014,10,14
8.13,2008,1,11
2.78,2000,3,7
2.7,2019,9,17
2.53,1997,8,11
4.44,2018,12,6
1.74,1999,3,22
4.81,2014,4,23
1.86,2020,4,8
2.21,2016,1,14
4.42,2003,11,10
2.1,1997,4,22
2.95,2016,9,1
4.1,2009,5,14
5.99,2008,12,5
2.76,2015,8,6
2.91,2018,7,6
2.98,2017,10,25
3.99,2000,7,18
2.88,2018,9,7
4.06,2011,8,11
4.1,2018,11,14
2.05,1998,12,21
6,2004,6,10
5.05,2004,8,27
2.98,2000,4,6
6.62,2006,12,18
2.75,2018,7,30
5.73,2004,1,14
2.71,1999,8,13
2.77,2019,11,4
4.19,2013,4,16
4.33,2013,4,22
5.32,2003,5,1
5.84,2003,5,27
2.92,2019,1,9
2.53,1997,8,15
3,2019,1,30
5.32,2006,7,10
2.97,1999,8,26
7.24,2006,7,28
2.85,2017,6,2
2.91,1997,10,3
2.3,2016,6,2
6.35,2000,11,21
3.92,2011,9,27
3.42,2011,11,8
2.74,2015,9,8
2.03,1998,1,13
2,2015,12,9
2.85,2016,10,31
5.6,2004,3,16
4.61,2010,7,8
4.22,2009,3,5
2.7,2015,9,1
4.12,2011,9,2
1.94,2016,4,19
3.62,2009,5,5
1.78,2020,2,27
6.91,2004,1,9
2.88,2017,6,22
2.43,1998,4,2
3.13,2017,9,20
4.72,2011,1,21
6.13,2004,10,19
6.28,2004,5,18
2.81,1999,11,2
4.92,2003,10,10
2.87,2019,11,8
3.01,2017,11,6
3.39,2002,9,6
3.05,2012,7,23
2.76,2016,11,25
1.8,1997,2,27
4.83,2001,4,27
4.29,2011,8,1
2.24,1998,3,3
5.43,2004,1,16
4.52,2013,12,24
7.11,2007,10,18
10.79,2005,11,3
2.3,1997,12,12
10.85,2005,11,2
12.72,2008,6,10
1.7,2020,5,22
3.68,2001,6,7
3.19,2009,4,27
5.28,2004,2,19
2.1,1998,11,19
2.31,1999,4,28
5.6,2007,1,4
2.5,2012,5,16
3.39,2013,2,7
4.15,2013,5,23
2.16,1998,5,7
9.58,2000,12,27
2.52,1999,9,28
2.62,2018,3,16
2.73,2012,9,7
5.98,2007,9,11
2.26,2019,8,19
2.18,1997,5,13
2.89,2017,10,11
6.51,2004,5,27
2.34,2016,6,9
3.66,2010,11,16
4.85,2003,8,7
4.78,2010,3,4
1.83,2020,7,31
3.21,2001,10,29
3.99,2010,8,25
1.79,2020,7,10
2.11,1999,4,14
3.56,2010,10,6
5.08,2004,2,24
2.31,2001,10,19
6.24,2000,11,27
3.59,2012,11,23
2.46,2019,11,29
3.26,2013,2,8
3.14,2017,5,3
9.07,2008,3,3
2.7,2019,5,20
1.6,2016,3,8
2.38,2019,6,20
3.75,2009,5,20
4.19,2014,1,13
3.04,2018,8,20
2.17,2016,2,9
4.3,2014,12,1
4.67,2014,6,10
4.13,2011,3,25
3.61,2011,10,20
3.54,2013,8,28
2.88,2017,9,5
6.15,2004,6,4
4.8,2014,5,6
3.27,2012,10,16
8.13,2000,12,8
5.18,2006,7,7
5.07,2003,1,8
3.34,2009,7,31
4.59,2014,5,9
3.7,2001,6,1
2.1,1998,6,1
3.7,2016,12,28
4.19,2010,4,28
8.54,2008,3,20
4.18,2010,4,27
2.21,2012,3,9
1.83,2020,7,28
5.11,2010,6,15
6.51,2004,6,2
5.55,2009,12,23
6.06,2004,11,17
6.3,2003,2,7
5.76,2004,4,7
3.2,2012,7,31
6.06,2003,12,8
2.29,1997,6,23
3.55,2009,5,28
3.06,2001,8,3
4.26,2014,11,17
5.62,2003,4,16
3.87,2014,8,4
2.63,2019,5,2
2.87,2017,7,31
4.33,2014,3,21
6.14,2006,7,20
6.57,2007,1,17
2.53,2019,11,19
7.08,2005,6,13
5.92,2006,7,13
9.59,2008,3,17
5.3,2007,9,4
3.49,2011,11,1
4.17,2010,12,21
2.99,2018,6,18
3.11,2015,1,16
2.6,2012,5,21
3.56,2013,1,24
6.7,2007,3,19
7.45,2005,7,26
4.32,2004,9,3
2.22,1997,7,25
3.63,2013,3,5
2.14,2015,11,10
4.53,2011,6,15
2.94,2000,3,28
7.27,2005,4,25
7.04,2004,1,6
3.17,2017,11,10
1.8,1998,10,9
2.32,2012,6,4
1.86,2016,5,6
2.18,2015,10,26
6.28,2004,6,25
4.82,2004,9,16
6.2,2006,5,30
2.23,1997,7,29
7.46,2007,12,13
3.5,2013,8,27
2.25,1998,3,11
7.34,2007,3,29
3.09,2001,7,5
2.61,2019,5,17
2.72,2015,6,9
5.13,2004,2,26
2.1,2015,11,18
3.34,1997,10,30
3,2018,9,5
3.4,2012,11,12
4.51,2003,10,29
2.94,2009,9,11
4.78,2003,9,10
7.5,2007,5,8
2.64,2019,5,8
2.18,2019,12,10
5.01,2004,11,24
1.98,2020,2,20
6.93,2005,3,29
3.86,2013,5,8
3.74,2018,11,9
4.05,2011,5,20
3.86,2009,6,1
3.93,2013,5,14
7.72,2008,9,17
3.68,2013,11,21
3.16,2017,1,24
2.62,1997,8,20
3.03,2017,6,28
1.96,1999,11,24
3.27,2013,2,4
2.89,2018,6,5
4.43,2009,3,3
7.51,2007,2,21
2.49,2018,2,16
8.9,2007,2,14
2.01,1998,10,6
2.32,1999,5,4
1.5,2020,4,3
1.96,2016,4,7
3.74,2009,4,6
4.41,2002,10,1
7.57,2007,6,1
2.7,2015,7,10
5.27,2009,1,15
4.37,2011,6,21
2.79,2015,3,24
8.03,2000,12,15
6.03,2004,7,30
2.23,1998,7,14
2.36,2019,10,7
2.35,2019,8,20
2.36,1998,7,2
3.57,2013,10,4
2.26,1998,11,5
3.05,2000,4,12
